"variable_name","toolkit_canada_pct","omd_weighted_pct","difference","pct_difference"
"anytom",76.145604157134,76.1456041571335,-4.40536496171262e-13,-5.78544882593842e-13
"tomcherry",46.0682100701766,46.0682100701765,-6.3948846218409e-14,-1.38813394575119e-13
"iceberg",41.9970858263562,41.9970858263563,4.9737991503207e-14,1.1843200670841e-13
"romaine",56.8329635392842,56.8329635392841,-2.8421709430404e-14,-5.00091982899296e-14
"spinach",38.665948992557,38.665948992557,1.4210854715202e-14,3.67528926237851e-14
"mesclun",23.1655232803438,23.1655232803439,5.32907051820075e-14,2.30043174665625e-13
"kale",18.0779541665239,18.077954166524,6.03961325396085e-14,3.34087209112676e-13
"arugula",16.7124198210031,16.7124198210031,4.2632564145606e-14,2.55095100543299e-13
"prepacklg",30.1800286040695,30.1800286040696,3.19744231092045e-14,1.05945635534928e-13
"cabbage",37.9459764043673,37.9459764043672,-6.3948846218409e-14,-1.68526026414355e-13
"coleslaw",20.6290290689274,20.6290290689273,-4.9737991503207e-14,-2.41106798274501e-13
"alfalfa",5.86918091773878,2.8808475887761,-2.98833332896268,-50.9156792207726
"beansprouts",2.88084758877611,5.37092789462358,2.49008030584747,86.4356835657991
"osprout",2.95992919886869,2.95992919886868,-2.22044604925031e-15,-7.50168635823786e-14
"bpeppers",65.6321592800316,65.6321592800314,-2.1316282072803e-13,-3.24784104418281e-13
"pea",28.8,28.8309466761301,0.0309466761300499,0.107453736562673
"snappea",14.0493743138469,14.0493743138469,-4.61852778244065e-14,-3.287354781265e-13
"gybeans",36.6,36.5930160948173,-0.00698390518275005,-0.0190817081495903
"carrot",81.4,68.9201808660585,-12.4798191339415,-15.3314731375203
"minicar",34.1484387533682,34.1484387533681,-1.06581410364015e-13,-3.1211210308554e-13
"mushroom",43.0004224286614,43.0004224286613,-1.35003119794419e-13,-3.13957659412282e-13
"grnonion",41.202051652291,41.202051652291,-7.105427357601e-15,-1.7245324134741e-14
"redonion",40.4488119128511,40.4488119128511,7.105427357601e-15,1.75664673981277e-14
"oonion",47.1701804006722,47.1701804006721,-2.8421709430404e-14,-6.02535525388811e-14
"celery",47.6,47.5856678452736,-0.0143321547264179,-0.0301095687529788
"broccoli",55.5,55.5364918736283,0.0364918736283144,0.0657511236546205
"cauliflo",33,33.038952888722,0.0389528887219655,0.118039056733229
"leek",9.2,9.19713780666179,-0.00286219333821158,-0.0311107971544737
"garlic",48.9,48.9161242458801,0.0161242458800857,0.0329739179551854
"zucchini",21.1,21.0565404420772,-0.0434595579228123,-0.205969468828494
"vegjuice",18.2,18.1500227976298,-0.0499772023701688,-0.274600013022905
"vegez",38.7,38.7076128854265,0.00761288542654626,0.019671538569887
"cilantro",24.2554385833121,24.2554385833121,-8.17124146124115e-14,-3.36882857556862e-13
"parsley",25.2911695099997,25.2911695099996,-1.20792265079217e-13,-4.77606482497608e-13
"ofherb",20.0740778817737,20.0740778817736,-6.3948846218409e-14,-3.18564302654577e-13
"Q34_A",84.8,84.836862659713,0.0368626597129946,0.0434701175860786
"Q34_B",17.6,17.5919807441534,-0.00801925584659102,-0.0455639536738126
"Q34_C",22.2,22.1501272846918,-0.0498727153081511,-0.224651870757437
"Q34_D",15.4,15.4129157988805,0.0129157988805382,0.0838688238995985
"Q34_E",48.8,48.7661269076891,-0.0338730923109267,-0.0694120744076367
"psaladstor",2.6,2.57062206773093,-0.0293779322690693,-1.12992047188728
"fruitsal",3.1,3.06781611552737,-0.0321838844726341,-1.03818982169787
"salsa",21.7,21.6916140464653,-0.00838595353470595,-0.0386449471645435
"mango",25.5824288259134,25.5824288259133,-9.2370555648813e-14,-3.61070312273272e-13
"mangod",3.93068645142595,3.93068645142595,-3.5527136788005e-15,-9.03840518113996e-14
"papaya",3.931437710624,3.93143771062398,-1.11022302462516e-14,-2.82396188454158e-13
"pomegra",7.05033622488362,7.05033622488359,-2.48689957516035e-14,-3.52734890342255e-13
"avocado",43.6465341265243,43.6465341265242,-1.13686837721616e-13,-2.60471627350882e-13
"melon",40.227510411043,40.2275104110429,-1.49213974509621e-13,-3.70925202641075e-13
"cantaloup",22.3787263448893,22.3787263448892,-8.88178419700125e-14,-3.96885151555089e-13
"honeydew",12.5424554957654,12.5424554957653,-6.21724893790088e-14,-4.95696312416653e-13
"watermel",27.0574979969066,27.0574979969065,-8.5265128291212e-14,-3.15125693813079e-13
"peach",17.3553042576965,17.3553042576964,-8.17124146124115e-14,-4.70820985902191e-13
"nectarine",12.3552938357145,12.3552938357144,-4.9737991503207e-14,-4.02564213887276e-13
"anyberry",77.4782590543019,77.4782590543016,-3.12638803734444e-13,-4.03518106305571e-13
"strawb",60.2276200018706,60.2276200018702,-3.76587649952853e-13,-6.25274002095977e-13
"raspb",37.821231535835,37.8212315358349,-9.9475983006414e-14,-2.6301624502143e-13
"blueb",51.8470996560596,51.8470996560594,-2.06057393370429e-13,-3.97432826016038e-13
"blackb",17.7448971467899,17.7448971467899,-7.8159700933611e-14,-4.40462969647306e-13
"coconut",8.06060133791111,8.06060133791108,-3.19744231092045e-14,-3.96675406322609e-13
"apple",72.3,72.264559225719,-0.0354407742810281,-0.0490190515643542
"pear",23.9,23.9237161534184,0.0237161534183912,0.0992307674409673
"apricot",4.6,4.62240086845604,0.0224008684560388,0.486975401218236
"plum",12.7,12.6654484885775,-0.0345515114224977,-0.272059145059037
"citrus",65,64.9501693348833,-0.0498306651167439,-0.0766625617180676
"cherry",14.7,14.7412174939422,0.0412174939422201,0.280391115253198
"grape",52.3,52.3217740411831,0.0217740411830576,0.0416329659331885
"banana",76.7,76.7221814749101,0.0221814749101128,0.0289197847589476
"pineapple",30,29.9720706605857,-0.0279293394143494,-0.0930977980478313
"olive",27.2,27.190752840197,-0.00924715980303503,-0.03399691104057
"kiwi",12.3,12.3311480163961,0.0311480163960951,0.25323590565931
"fruitz",9.4,19.910346439723,10.510346439723,111.812196167266
"dryfruit",33.2,33.2445916730655,0.044591673065483,0.134312268269527
"fruitsm",27.9660546656276,27.9660546656275,-9.9475983006414e-14,-3.5570259800957e-13
"unpjuice",7.8,16.497287246282,8.69728724628204,111.503682644642
"peanut",34.0922436046778,34.0922436046778,-7.105427357601e-15,-2.0841771049137e-14
"pnbutter",52.4771002818298,52.4771002818296,-1.77635683940025e-13,-3.38501332935752e-13
"almond",39.1324612285001,39.1324612285,-9.9475983006414e-14,-2.54203236605945e-13
"walnut",23.9667617697611,23.966761769761,-1.17239551400417e-13,-4.89175602973356e-13
"hazelnut",10.341715599796,10.341715599796,-2.66453525910038e-14,-2.57649249139372e-13
"cashew",31.7601679466703,31.7601679466703,-2.48689957516035e-14,-7.8302469285937e-14
"cbutter",1.70653093406167,1.70653093406167,-6.66133814775094e-16,-3.90343826460646e-14
"pecan",17.1030766737345,17.1030766737344,-6.03961325396085e-14,-3.53130221490266e-13
"onut",22.3797287405142,22.3797287405141,-7.46069872548105e-14,-3.3336859494525e-13
"sunflwsd",19.2082873601826,19.2082873601825,-7.8159700933611e-14,-4.06906141437838e-13
"sesamesd",30.1363328208963,30.1363328208962,-8.17124146124115e-14,-2.71142527851805e-13
"tahini",14.3238636421096,14.3238636421096,-4.08562073062058e-14,-2.8523175259848e-13
"chia",16.3870505300181,16.3870505300181,-7.46069872548105e-14,-4.55280144026797e-13
"flax",16.861640633037,16.8616406330369,-8.17124146124115e-14,-4.84605361902402e-13
"oseed",20.0694750281877,20.0694750281876,-1.10134124042816e-13,-5.48764349282338e-13
"anybeef",79.6212433113175,79.6212433113171,-4.2632564145606e-13,-5.35442080185981e-13
"anygroundbeef",68.663925345666,68.6639253456658,-2.41584530158434e-13,-3.51836177355512e-13
"bgroundraw",2.8413550209751,2.8413550209751,2.66453525910038e-15,9.37769212024042e-14
"hamb",44.5447624090536,44.5447624090534,-1.63424829224823e-13,-3.66877766063934e-13
"zbeefpatties",14.6556290247555,14.6556290247555,-8.88178419700125e-15,-6.06032274834375e-14
"stewingb",17.9065152864562,17.9065152864562,-7.105427357601e-14,-3.9680681829676e-13
"veal",6.06693567004393,6.06693567004392,-1.06581410364015e-14,-1.75675853776184e-13
"sausage_beef",14.7024033583297,14.7024033583296,-5.86197757002083e-14,-3.98708797953071e-13
"bwhole",23.1080212055058,33.1133828114821,10.0053616059763,43.2982189041457
"anypork",58.9378681363292,58.9378681363289,-2.8421709430404e-13,-4.82231718403213e-13
"pground",15.3286709888641,15.328670988864,-5.6843418860808e-14,-3.70830706080804e-13
"sausage_pork",29.3280938442018,29.3280938442017,-8.5265128291212e-14,-2.90728503339364e-13
"porkparts",41.5734634503276,41.5734634503275,-1.20792265079217e-13,-2.90551363909194e-13
"rpork",3.45300556826818,3.45300556826817,-1.19904086659517e-14,-3.47245564158339e-13
"anychick",86.5277999115091,86.5277999115088,-3.41060513164848e-13,-3.94162932044552e-13
"cbreaded",33.1223805206589,33.1223805206588,-1.06581410364015e-13,-3.21780647068947e-13
"zcbreaded",23.2227021615854,23.2227021615854,-1.77635683940025e-14,-7.64922543053008e-14
"cstuffed",7.14252535314093,7.14252535314093,0,0
"zcstuffed",5.31497945214475,5.31497945214476,3.5527136788005e-15,6.68434132396669e-14
"cground",7.60952143672671,7.6095214367267,-1.33226762955019e-14,-1.75079029690371e-13
"wholec",24.8078887728055,24.8078887728054,-6.75015598972095e-14,-2.72097156333614e-13
"rawwholec",29.9353627857185,29.9353627857185,-4.2632564145606e-14,-1.42415391624868e-13
"chickparts",70.7841462588475,70.7841462588471,-3.5527136788005e-13,-5.01908106062159e-13
"sausage_chick",3.50432426294124,3.50432426294123,-7.105427357601e-15,-2.02761697390335e-13
"anyturk",13.0495726031605,13.0495726031604,-5.6843418860808e-14,-4.35596019804059e-13
"sausage_turk",4.22202602415573,1.38078631459243,-2.8412397095633,-67.2956465286464
"tground",1.38078631459243,4.22202602415572,2.84123970956329,205.769689309381
"turkparts",5.21842799980402,6.26838398697152,1.0499559871675,20.1201585459631
"wholet",6.26838398697154,5.218427999804,-1.04995598716754,-16.7500266312627
"poultryo",3.90809357812201,3.908093578122,-1.11022302462516e-14,-2.8408301961865e-13
"deliany",50.0166265103994,50.0166265103992,-1.91846538655227e-13,-3.83565530184924e-13
"chickdeli",9.21890942890859,9.21890942890855,-3.19744231092045e-14,-3.46835201666472e-13
"turkdeli",16.2706424208666,16.2706424208666,-5.6843418860808e-14,-3.49361859172248e-13
"hamdeli",36.2000489376372,36.2000489376371,-1.49213974509621e-13,-4.12192742519978e-13
"beefdeli",10.8153618739138,10.8153618739138,-3.19744231092045e-14,-2.95638957641587e-13
"odeli",12.0198794755791,12.0198794755791,-2.30926389122033e-14,-1.92120386557292e-13
"hotdog",28.935306328975,28.9353063289749,-8.17124146124115e-14,-2.82396922581002e-13
"pate",8.02275577829456,8.02275577829454,-2.30926389122033e-14,-2.87839235673608e-13
"organ",4.21285681046544,4.21285681046543,-1.15463194561016e-14,-2.74073389520827e-13
"vliver",1.44240227006578,1.44240227006577,-4.88498130835069e-15,-3.38669829473294e-13
"rawliver",0.102466806969612,0.102466806969611,-2.4980018054066e-16,-2.43786439656251e-13
"oorgan",1.5486656487813,1.54866564878129,-5.10702591327572e-15,-3.29769431981308e-13
"goat",2.00789886886545,2.00789886886545,-5.32907051820075e-15,-2.65405324980929e-13
"lamb",7.65971610539361,7.65971610539359,-2.57571741713036e-14,-3.36268000235239e-13
"horse",0.392500282042523,0.392500282042521,-1.16573417585641e-15,-2.97002124378122e-13
"driedmeat",19.3924516562225,19.3924516562224,-9.2370555648813e-14,-4.7632221694452e-13
"deer",3.2,3.21607955013912,0.0160795501391151,0.502485941847347
"huntedmeats",3.4,2.79402867953558,-0.605971320464415,-17.8226858960122
"sausage",30.8,30.846498332422,0.0464983324219972,0.150968611759731
"seafood",59.4052999898842,59.4052999898839,-3.05533376376843e-13,-5.14320063073279e-13
"anyfish",49.0073997767787,49.0073997767785,-1.35003119794419e-13,-2.75474969921559e-13
"fishsmoke",12.1036014928115,12.1036014928114,-3.01980662698043e-14,-2.49496534463229e-13
"fishraw",12.4813388675929,12.4813388675928,-3.37507799486048e-14,-2.70409932032507e-13
"shellfish",28.7581691296296,28.7581691296295,-5.32907051820075e-14,-1.85306320933699e-13
"mussels",4.61771522129725,4.61771522129724,-1.24344978758018e-14,-2.69278144707861e-13
"clams",3.06663854282255,3.06663854282255,-7.99360577730113e-15,-2.60663448452707e-13
"shrimp",25.9032558140564,25.9032558140564,-6.03961325396085e-14,-2.33160391007043e-13
"oysters",3.39497048666082,3.39497048666082,-6.66133814775094e-15,-1.96211960425694e-13
"oysters_r",1.45244457141421,1.4524445714142,-3.99680288865056e-15,-2.75177653406696e-13
"egg",88.0914425053494,88.0914425053491,-3.12638803734444e-13,-3.54902581729728e-13
"eggraw",26.2796676122654,26.2796676122653,-1.10134124042816e-13,-4.19084920204291e-13
"icecream",56.798434276812,56.7984342768118,-1.91846538655227e-13,-3.37767301331313e-13
"milkdess",45.989120407024,45.9891204070238,-2.20268248085631e-13,-4.78957297152369e-13
"milkunpas",4.42462588622968,4.42462588622966,-1.4210854715202e-14,-3.2117641311617e-13
"yogurt",66.9784279137467,66.9784279137465,-2.27373675443232e-13,-3.3947299529938e-13
"anycheese",89.7284844324112,89.7284844324108,-3.83693077310454e-13,-4.27615689418531e-13
"gouda",13.7368816192816,13.7368816192815,-2.1316282072803e-14,-1.5517555340131e-13
"feta",30.0378307164039,30.0378307164039,1.77635683940025e-14,5.91373210725955e-14
"scheese",24.0739476389031,24.073947638903,-4.2632564145606e-14,-1.77090042668003e-13
"gcheese",12.0856340687611,12.0856340687611,-7.105427357601e-15,-5.87923423560133e-14
"flour",68.7451528044596,68.7451528044593,-3.12638803734444e-13,-4.54779414955585e-13
"dough",15.2674225622371,15.267422562237,-6.21724893790088e-14,-4.07223217445938e-13
"oflour",9.24513367536076,9.24513367536073,-3.5527136788005e-14,-3.84279319645626e-13
"pbmeat",18.1078823512314,18.1078823512313,-7.8159700933611e-14,-4.31633580435186e-13
"tofu",14.4307088331468,14.4307088331467,-4.61852778244065e-14,-3.20048573901794e-13
"hummus",24.3994838553985,24.3994838553984,-8.17124146124115e-14,-3.34894029302724e-13
"mealrepbev",4.14506563763756,4.14506563763755,-1.06581410364015e-14,-2.57128402011892e-13
"protpowder",11.5097766327664,11.5097766327663,-6.21724893790088e-14,-5.40171120280598e-13
"probiotics",4.22565218167912,4.22565218167911,-1.24344978758018e-14,-2.94262218970912e-13
"cannabis",6.02676446035887,6.02676446035885,-2.1316282072803e-14,-3.53693631350804e-13
"pizza",20.1,20.1276450027017,0.0276450027017212,0.137537326874235
"potpie",3.6,3.63133733163235,0.031337331632348,0.870481434231888
"frozenm",9.9,9.87890363387299,-0.0210963661270078,-0.213094607343513
"frozens",6.1,6.09616252670636,-0.00383747329363704,-0.0629093982563449
"granola",37.5,37.5244353791016,0.0244353791015683,0.0651610109375156
"chips",53.9,53.8649376683504,-0.0350623316495842,-0.0650507080697294
"choc",63.9,63.9010592609545,0.00105926095451281,0.00165768537482443
"coldbc",54.3,54.2757164378945,-0.0242835621055022,-0.044721108849912
"hotbc",28.5,28.4571393761455,-0.0428606238544837,-0.150388153875382
"Q109_A",27.4,27.3745882393643,-0.0254117606357411,-0.0927436519552596
"Q109_B",13.5,13.476302467741,-0.023697532259046,-0.175537275992934
"Q109_C",16.7,16.682219516949,-0.0177804830509842,-0.106469958389127
"Q110_Q111_dv",53.6,53.5976421747395,-0.00235782526051054,-0.00439892772483309
"Q1",10.9,10.8502201892983,-0.0497798107016774,-0.456695511024563
"Q2",18.5,2.4539488629006,-16.0460511370994,-86.7354115518886
"Q3",20.5,20.4562454629724,-0.0437545370275956,-0.213436765988271
"Q4",22.9,22.8583487224626,-0.0416512775373761,-0.181883308023476
"butcher",24.3666285657583,24.3666285657582,-9.59232693276135e-14,-3.9366656354918e-13
"mealkit",4.12662863216531,4.1266286321653,-8.88178419700125e-15,-2.15231003046204e-13
"Q118",2.6,2.57840696242658,-0.0215930375734161,-0.83050144513139
"swim",19.3,6.36819287755756,-12.9318071224424,-67.004181981567
"domanim",62.9218492677991,62.9218492677987,-4.33431068813661e-13,-6.8884032153752e-13
"animfddry",45.0066355010936,45.0066355010934,-2.1316282072803e-13,-4.73625318477428e-13
"animfdraw",6.10226496848566,6.10226496848564,-2.30926389122033e-14,-3.78427338561373e-13
"cattle",2.01924632726747,2.01924632726746,-7.105427357601e-15,-3.51885119792016e-13
"poultry",3.26454752851714,3.26454752851713,-1.06581410364015e-14,-3.26481417204018e-13
"pig",0.767940449037086,0.767940449037083,-2.55351295663786e-15,-3.32514449504475e-13
