"toolkit_var","in_merged_omd","in_fb1_raw","in_fb2_raw","fb2_varname","fb1_varname","source_category"
"anytom",TRUE,FALSE,TRUE,"Q4_dv",NA,"In Merged OMD (FB1+FB2)"
"tomcherry",TRUE,TRUE,FALSE,"Q4_dv","Q8_D_dv","In Merged OMD (FB1+FB2)"
"fb1_tomatoesonasandwichburgerortacoatrestaurantorfastfoodestablishment",FALSE,FALSE,FALSE,"Q4_dv",NA,"Missing from All OMD Data"
"tomroma",FALSE,TRUE,FALSE,"Q4_dv","Q8_A_dv","FB1 Only (Legacy)"
"tomhot",FALSE,TRUE,FALSE,"Q4_dv","Q8_B_dv","FB1 Only (Legacy)"
"tombeef",FALSE,TRUE,FALSE,"Q4_dv","Q8_C_dv","FB1 Only (Legacy)"
"anylg",FALSE,FALSE,TRUE,"Q5_dv",NA,"FB2 Only (Dropped in Merge)"
"iceberg",TRUE,TRUE,TRUE,"Q5A_dv","Q11_A_dv","In Merged OMD (FB1+FB2)"
"romaine",TRUE,TRUE,TRUE,"Q5B_dv","Q11_B_dv","In Merged OMD (FB1+FB2)"
"spinach",TRUE,TRUE,TRUE,"Q5C_dv","Q11_C_dv","In Merged OMD (FB1+FB2)"
"mesclun",TRUE,TRUE,FALSE,"Q4_dv","Q11_D_dv","In Merged OMD (FB1+FB2)"
"kale",TRUE,FALSE,TRUE,"Q5E_dv","Q8_D_dv","In Merged OMD (FB1+FB2)"
"arugula",TRUE,FALSE,TRUE,"Q5F_dv",NA,"In Merged OMD (FB1+FB2)"
"otherlg",FALSE,FALSE,FALSE,"Q4_dv","Q8_D_dv","Missing from All OMD Data"
"fb1_lettuceorleafygreensonasandwichburgerortacoatrestaurantorfastfoodestablishment",FALSE,FALSE,FALSE,"Q4_dv",NA,"Missing from All OMD Data"
"prepacklg",TRUE,FALSE,FALSE,"Q4_dv","Q8_D_dv","In Merged OMD (FB1+FB2)"
"prepacksalad",FALSE,FALSE,FALSE,"Q4_dv",NA,"Missing from All OMD Data"
"rtegreensal",FALSE,FALSE,FALSE,"Q4_dv","Q8_D_dv","Missing from All OMD Data"
"cabbage",TRUE,FALSE,FALSE,"Q4_dv",NA,"In Merged OMD (FB1+FB2)"
"coleslaw",TRUE,FALSE,FALSE,"Q4_dv","Q8_D_dv","In Merged OMD (FB1+FB2)"
"sprout",FALSE,FALSE,TRUE,"Q11_dv",NA,"FB2 Only (Dropped in Merge)"
"alfalfa",TRUE,FALSE,TRUE,"Q11A_dv","Q8_D_dv","In Merged OMD (FB1+FB2)"
"beansprouts",TRUE,TRUE,TRUE,"Q11B_dv","Q15_A_dv","In Merged OMD (FB1+FB2)"
"microgreen",FALSE,TRUE,TRUE,"Q11C_dv","Q15_B_dv","FB2 Only (Dropped in Merge)"
"osprout",TRUE,FALSE,TRUE,"Q11D_dv",NA,"In Merged OMD (FB1+FB2)"
"cucumber",FALSE,TRUE,TRUE,"Q12","Q16","FB2 Only (Dropped in Merge)"
"bpeppers",TRUE,TRUE,TRUE,"Q13","Q17","In Merged OMD (FB1+FB2)"
"hotpep",FALSE,TRUE,TRUE,"Q14","Q18","FB2 Only (Dropped in Merge)"
"pea",TRUE,FALSE,FALSE,"Q4_dv",NA,"In Merged OMD (FB1+FB2)"
"snappea",TRUE,FALSE,TRUE,"Q15","Q8_D_dv","In Merged OMD (FB1+FB2)"
"gybeans",TRUE,TRUE,FALSE,"Q4_dv","Q23","In Merged OMD (FB1+FB2)"
"carrot",TRUE,FALSE,FALSE,"Q4_dv","Q8_D_dv","In Merged OMD (FB1+FB2)"
"fb1_carrotsnotmini",FALSE,FALSE,FALSE,"Q4_dv",NA,"Missing from All OMD Data"
"minicar",TRUE,FALSE,TRUE,"Q10","Q8_D_dv","In Merged OMD (FB1+FB2)"
"mushroom",TRUE,TRUE,TRUE,"Q16","Q28","In Merged OMD (FB1+FB2)"
"onion",FALSE,FALSE,TRUE,"Q17_dv","Q8_D_dv","FB2 Only (Dropped in Merge)"
"grnonion",TRUE,TRUE,TRUE,"Q17A_dv","Q31_C_dv","In Merged OMD (FB1+FB2)"
"redonion",TRUE,TRUE,TRUE,"Q17B_dv","Q31_B_dv","In Merged OMD (FB1+FB2)"
"oonion",TRUE,FALSE,TRUE,"Q17C_dv",NA,"In Merged OMD (FB1+FB2)"
"yelonion",FALSE,TRUE,FALSE,"Q4_dv","Q31_A_dv","FB1 Only (Legacy)"
"celery",TRUE,TRUE,FALSE,"Q4_dv","Q19","In Merged OMD (FB1+FB2)"
"broccoli",TRUE,TRUE,FALSE,"Q4_dv","Q24","In Merged OMD (FB1+FB2)"
"cauliflo",TRUE,TRUE,FALSE,"Q4_dv","Q25","In Merged OMD (FB1+FB2)"
"leek",TRUE,TRUE,FALSE,"Q4_dv","Q26","In Merged OMD (FB1+FB2)"
"garlic",TRUE,TRUE,FALSE,"Q4_dv","Q27","In Merged OMD (FB1+FB2)"
"zucchini",TRUE,TRUE,FALSE,"Q4_dv","Q29","In Merged OMD (FB1+FB2)"
"vegjuice",TRUE,FALSE,FALSE,"Q4_dv",NA,"In Merged OMD (FB1+FB2)"
"vegez",TRUE,TRUE,FALSE,"Q4_dv","Q106_A","In Merged OMD (FB1+FB2)"
"herbsspices",FALSE,FALSE,FALSE,"Q4_dv",NA,"Missing from All OMD Data"
"anyfreshherbs",FALSE,TRUE,TRUE,"freshherbs_dv","freshherb_dv","FB2 Only (Dropped in Merge)"
"basil",FALSE,TRUE,TRUE,"Q18","Q33_B","FB2 Only (Dropped in Merge)"
"tbasil",FALSE,TRUE,FALSE,"Q4_dv","Q33_A","FB1 Only (Legacy)"
"cilantro",TRUE,TRUE,TRUE,"Q19","Q33_C","In Merged OMD (FB1+FB2)"
"parsley",TRUE,TRUE,TRUE,"Q20","Q33_E","In Merged OMD (FB1+FB2)"
"ofherb",TRUE,TRUE,TRUE,"Q21","Q33_F","In Merged OMD (FB1+FB2)"
"tarragon",FALSE,TRUE,FALSE,"Q4_dv","Q33_D","FB1 Only (Legacy)"
"fb1_anyspices",FALSE,TRUE,FALSE,"Q4_dv","spice_dv","FB1 Only (Legacy)"
"Q34_A",TRUE,FALSE,FALSE,"Q4_dv","Q8_D_dv","In Merged OMD (FB1+FB2)"
"Q34_B",TRUE,TRUE,FALSE,"Q4_dv","Q34_B","In Merged OMD (FB1+FB2)"
"Q34_C",TRUE,TRUE,FALSE,"Q4_dv","Q34_C","In Merged OMD (FB1+FB2)"
"Q34_D",TRUE,TRUE,FALSE,"Q4_dv","Q34_D","In Merged OMD (FB1+FB2)"
"Q34_E",TRUE,TRUE,FALSE,"Q4_dv","Q34_E","In Merged OMD (FB1+FB2)"
"storeboughtpreparedsalads",FALSE,TRUE,FALSE,"Q4_dv","Q35_dv","FB1 Only (Legacy)"
"csalad",FALSE,FALSE,FALSE,"Q4_dv","Q8_D_dv","Missing from All OMD Data"
"psaladstor",TRUE,FALSE,FALSE,"Q4_dv",NA,"In Merged OMD (FB1+FB2)"
"pastasal",FALSE,FALSE,FALSE,"Q4_dv","Q8_D_dv","Missing from All OMD Data"
"fruitsal",TRUE,FALSE,FALSE,"Q4_dv",NA,"In Merged OMD (FB1+FB2)"
"salsa",TRUE,TRUE,FALSE,"Q4_dv","Q37A","In Merged OMD (FB1+FB2)"
"mango",TRUE,FALSE,TRUE,"Q22_dv",NA,"In Merged OMD (FB1+FB2)"
"mangof",FALSE,FALSE,FALSE,"Q4_dv","Q8_D_dv","Missing from All OMD Data"
"mangoz",FALSE,FALSE,FALSE,"Q4_dv",NA,"Missing from All OMD Data"
"mangod",TRUE,FALSE,FALSE,"Q4_dv","Q8_D_dv","In Merged OMD (FB1+FB2)"
"papaya",TRUE,TRUE,TRUE,"Q23_dv","Q_49","In Merged OMD (FB1+FB2)"
"papayaf",FALSE,FALSE,FALSE,"Q4_dv","Q8_D_dv","Missing from All OMD Data"
"papayaz",FALSE,FALSE,FALSE,"Q4_dv",NA,"Missing from All OMD Data"
"papayad",FALSE,FALSE,FALSE,"Q4_dv","Q8_D_dv","Missing from All OMD Data"
"pomegra",TRUE,TRUE,TRUE,"Q24_dv","Q_51","In Merged OMD (FB1+FB2)"
"pomegraf",FALSE,FALSE,FALSE,"Q4_dv","Q8_D_dv","Missing from All OMD Data"
"pomegraz",FALSE,FALSE,TRUE,"Q24B_dv",NA,"FB2 Only (Dropped in Merge)"
"avocado",TRUE,FALSE,TRUE,"Q25_dv","Q8_D_dv","In Merged OMD (FB1+FB2)"
"avocadof",FALSE,FALSE,TRUE,"Q25A_dv",NA,"FB2 Only (Dropped in Merge)"
"avocadoz",FALSE,FALSE,TRUE,"Q25B_dv","Q8_D_dv","FB2 Only (Dropped in Merge)"
"melon",TRUE,TRUE,TRUE,"melon_dv","melon_dv","In Merged OMD (FB1+FB2)"
"cantaloup",TRUE,TRUE,TRUE,"Q26_dv","Q_55","In Merged OMD (FB1+FB2)"
"cantaloupf",FALSE,FALSE,TRUE,"Q26A_dv",NA,"FB2 Only (Dropped in Merge)"
"cantaloupz",FALSE,FALSE,TRUE,"Q26B_dv","Q8_D_dv","FB2 Only (Dropped in Merge)"
"honeydew",TRUE,TRUE,TRUE,"Q27_dv","Q_56","In Merged OMD (FB1+FB2)"
"honeydewf",FALSE,FALSE,TRUE,"Q27A_dv","Q8_D_dv","FB2 Only (Dropped in Merge)"
"honeydewz",FALSE,FALSE,TRUE,"Q27B_dv",NA,"FB2 Only (Dropped in Merge)"
"watermel",TRUE,TRUE,TRUE,"Q28_dv","Q_57","In Merged OMD (FB1+FB2)"
"watermelf",FALSE,FALSE,TRUE,"Q28A_dv",NA,"FB2 Only (Dropped in Merge)"
"watermelz",FALSE,FALSE,TRUE,"Q28B_dv","Q8_D_dv","FB2 Only (Dropped in Merge)"
"peach",TRUE,TRUE,TRUE,"Q29_dv","Q_40","In Merged OMD (FB1+FB2)"
"peachf",FALSE,FALSE,TRUE,"Q29A_dv","Q8_D_dv","FB2 Only (Dropped in Merge)"
"peachz",FALSE,FALSE,TRUE,"Q29B_dv",NA,"FB2 Only (Dropped in Merge)"
"nectarine",TRUE,TRUE,TRUE,"Q30_dv","Q_41","In Merged OMD (FB1+FB2)"
"nectarinef",FALSE,FALSE,TRUE,"Q30A_dv",NA,"FB2 Only (Dropped in Merge)"
"nectarinez",FALSE,FALSE,TRUE,"Q30B_dv","Q8_D_dv","FB2 Only (Dropped in Merge)"
"anyberry",TRUE,TRUE,TRUE,"berries_dv","berries_dv","In Merged OMD (FB1+FB2)"
"strawb",TRUE,TRUE,TRUE,"Q31_dv","Q_58","In Merged OMD (FB1+FB2)"
"strawbf",FALSE,FALSE,TRUE,"Q31A_dv",NA,"FB2 Only (Dropped in Merge)"
"strawbz",FALSE,FALSE,TRUE,"Q31B_dv","Q8_D_dv","FB2 Only (Dropped in Merge)"
"strawbd",FALSE,FALSE,TRUE,"Q31C_dv",NA,"FB2 Only (Dropped in Merge)"
"raspb",TRUE,TRUE,TRUE,"Q32_dv","Q_59","In Merged OMD (FB1+FB2)"
"raspbf",FALSE,FALSE,TRUE,"Q32A_dv",NA,"FB2 Only (Dropped in Merge)"
"raspbz",FALSE,FALSE,TRUE,"Q32B_dv","Q8_D_dv","FB2 Only (Dropped in Merge)"
"raspbd",FALSE,FALSE,TRUE,"Q32C_dv",NA,"FB2 Only (Dropped in Merge)"
"blueb",TRUE,TRUE,TRUE,"Q33_dv","Q_60","In Merged OMD (FB1+FB2)"
"bluebf",FALSE,FALSE,TRUE,"Q33A_dv",NA,"FB2 Only (Dropped in Merge)"
"bluebz",FALSE,FALSE,TRUE,"Q33B_dv","Q8_D_dv","FB2 Only (Dropped in Merge)"
"bluebd",FALSE,FALSE,TRUE,"Q33C_dv",NA,"FB2 Only (Dropped in Merge)"
"blackb",TRUE,TRUE,TRUE,"Q34_dv","Q_61","In Merged OMD (FB1+FB2)"
"blackbf",FALSE,FALSE,TRUE,"Q34A_dv",NA,"FB2 Only (Dropped in Merge)"
"blackbz",FALSE,FALSE,TRUE,"Q34B_dv","Q8_D_dv","FB2 Only (Dropped in Merge)"
"blackbd",FALSE,FALSE,TRUE,"Q34C_dv",NA,"FB2 Only (Dropped in Merge)"
"coconut",TRUE,FALSE,FALSE,"Q4_dv","Q8_D_dv","In Merged OMD (FB1+FB2)"
"coconutf",FALSE,FALSE,TRUE,"Q35A_dv",NA,"FB2 Only (Dropped in Merge)"
"coconutz",FALSE,FALSE,TRUE,"Q35B_dv","Q8_D_dv","FB2 Only (Dropped in Merge)"
"coconutd",FALSE,FALSE,FALSE,"Q4_dv",NA,"Missing from All OMD Data"
"apple",TRUE,TRUE,FALSE,"Q4_dv","Q_38","In Merged OMD (FB1+FB2)"
"pear",TRUE,TRUE,FALSE,"Q4_dv","Q_39","In Merged OMD (FB1+FB2)"
"apricot",TRUE,TRUE,FALSE,"Q4_dv","Q_42","In Merged OMD (FB1+FB2)"
"plum",TRUE,TRUE,FALSE,"Q4_dv","Q_43","In Merged OMD (FB1+FB2)"
"citrus",TRUE,FALSE,FALSE,"Q4_dv","Q8_D_dv","In Merged OMD (FB1+FB2)"
"cherry",TRUE,TRUE,FALSE,"Q4_dv","Q_45","In Merged OMD (FB1+FB2)"
"grape",TRUE,TRUE,FALSE,"Q4_dv","Q_46","In Merged OMD (FB1+FB2)"
"banana",TRUE,TRUE,FALSE,"Q4_dv","Q_47","In Merged OMD (FB1+FB2)"
"pineapple",TRUE,TRUE,FALSE,"Q4_dv","Q_52","In Merged OMD (FB1+FB2)"
"olive",TRUE,TRUE,FALSE,"Q4_dv","Q_54","In Merged OMD (FB1+FB2)"
"kiwi",TRUE,TRUE,FALSE,"Q4_dv","Q_50","In Merged OMD (FB1+FB2)"
"fruitbz",FALSE,FALSE,TRUE,"Q36",NA,"FB2 Only (Dropped in Merge)"
"anyfruitz",FALSE,TRUE,FALSE,"Q4_dv","frozenfruit_dv","FB1 Only (Legacy)"
"berriesz",FALSE,TRUE,FALSE,"Q4_dv","Q106_B","FB1 Only (Legacy)"
"fruitz",TRUE,FALSE,FALSE,"Q4_dv","Q8_D_dv","In Merged OMD (FB1+FB2)"
"dryfruit",TRUE,FALSE,FALSE,"Q4_dv",NA,"In Merged OMD (FB1+FB2)"
"fruitsm",TRUE,FALSE,FALSE,"Q4_dv","Q8_D_dv","In Merged OMD (FB1+FB2)"
"unpjorc",FALSE,FALSE,TRUE,"Q38",NA,"FB2 Only (Dropped in Merge)"
"unpjuice",TRUE,TRUE,FALSE,"Q4_dv","Q62","In Merged OMD (FB1+FB2)"
"nutsseeds",FALSE,FALSE,FALSE,"Q4_dv",NA,"Missing from All OMD Data"
"anynut",FALSE,TRUE,TRUE,"Q39_dv","Q66_dv","FB2 Only (Dropped in Merge)"
"peanut",TRUE,TRUE,FALSE,"Q4_dv","AQ67_A","In Merged OMD (FB1+FB2)"
"pnbutter",TRUE,TRUE,TRUE,"Q39B_dv","Q64","In Merged OMD (FB1+FB2)"
"almond",TRUE,FALSE,FALSE,"Q4_dv",NA,"In Merged OMD (FB1+FB2)"
"abutter",FALSE,FALSE,FALSE,"Q4_dv","Q8_D_dv","Missing from All OMD Data"
"walnut",TRUE,TRUE,TRUE,"Q39E_dv","Q67_C_dv","In Merged OMD (FB1+FB2)"
"hazelnut",TRUE,FALSE,FALSE,"Q4_dv","Q8_D_dv","In Merged OMD (FB1+FB2)"
"hspread",FALSE,FALSE,FALSE,"Q4_dv",NA,"Missing from All OMD Data"
"cashew",TRUE,TRUE,FALSE,"Q4_dv","Q67_E_dv","In Merged OMD (FB1+FB2)"
"cbutter",TRUE,FALSE,FALSE,"Q4_dv",NA,"In Merged OMD (FB1+FB2)"
"pecan",TRUE,TRUE,TRUE,"Q39J_dv","Q67_F_dv","In Merged OMD (FB1+FB2)"
"onut",TRUE,FALSE,TRUE,"Q39K_dv",NA,"In Merged OMD (FB1+FB2)"
"nutpaste",FALSE,TRUE,FALSE,"Q4_dv","Q65","FB1 Only (Legacy)"
"anyseed",FALSE,FALSE,TRUE,"seeds_dv",NA,"FB2 Only (Dropped in Merge)"
"sunflwsd",TRUE,TRUE,TRUE,"Q40","Q68_A","In Merged OMD (FB1+FB2)"
"ssbutter",FALSE,FALSE,TRUE,"Q41",NA,"FB2 Only (Dropped in Merge)"
"sesamesd",TRUE,TRUE,TRUE,"Q42","Q68_B","In Merged OMD (FB1+FB2)"
"tahini",TRUE,FALSE,FALSE,"Q4_dv",NA,"In Merged OMD (FB1+FB2)"
"tahinifb1",FALSE,TRUE,FALSE,"Q4_dv","Q68_C","FB1 Only (Legacy)"
"chia",TRUE,FALSE,TRUE,"Q44",NA,"In Merged OMD (FB1+FB2)"
"flax",TRUE,FALSE,TRUE,"Q45","Q8_D_dv","In Merged OMD (FB1+FB2)"
"oseed",TRUE,FALSE,TRUE,"Q46",NA,"In Merged OMD (FB1+FB2)"
"anybeef",TRUE,FALSE,TRUE,"Q47_dv","Q8_D_dv","In Merged OMD (FB1+FB2)"
"anygroundbeef",TRUE,TRUE,TRUE,"Q47A_dv","groundbeef_dv","In Merged OMD (FB1+FB2)"
"bgroundraw",TRUE,TRUE,TRUE,"Q47AI_dv","AQ75","In Merged OMD (FB1+FB2)"
"bground",FALSE,FALSE,FALSE,"Q4_dv",NA,"Missing from All OMD Data"
"hamb",TRUE,FALSE,TRUE,"Q47B_dv","Q8_D_dv","In Merged OMD (FB1+FB2)"
"zbeefpatties",TRUE,FALSE,FALSE,"Q4_dv",NA,"In Merged OMD (FB1+FB2)"
"hambhome",FALSE,FALSE,FALSE,"Q4_dv","Q8_D_dv","Missing from All OMD Data"
"hambrest",FALSE,FALSE,FALSE,"Q4_dv",NA,"Missing from All OMD Data"
"rawbeef",FALSE,TRUE,FALSE,"Q4_dv","AQ76","FB1 Only (Legacy)"
"steak",FALSE,TRUE,TRUE,"Q47D_dv","Q77_dv","FB2 Only (Dropped in Merge)"
"stewingb",TRUE,TRUE,TRUE,"Q47E_dv","Q78_dv","In Merged OMD (FB1+FB2)"
"veal",TRUE,TRUE,TRUE,"Q47F_dv","Q89_F","In Merged OMD (FB1+FB2)"
"sausage_beef",TRUE,FALSE,FALSE,"Q4_dv","Q8_D_dv","In Merged OMD (FB1+FB2)"
"bwhole",TRUE,FALSE,FALSE,"Q4_dv",NA,"In Merged OMD (FB1+FB2)"
"anypork",TRUE,FALSE,FALSE,"Q4_dv","Q8_D_dv","In Merged OMD (FB1+FB2)"
"pground",TRUE,TRUE,TRUE,"Q48A_dv","Q81_C_dv","In Merged OMD (FB1+FB2)"
"sausage_pork",TRUE,FALSE,FALSE,"Q4_dv","Q8_D_dv","In Merged OMD (FB1+FB2)"
"porkparts",TRUE,TRUE,TRUE,"Q48C_dv","Q81_D_dv","In Merged OMD (FB1+FB2)"
"rpork",TRUE,FALSE,FALSE,"Q4_dv","Q8_D_dv","In Merged OMD (FB1+FB2)"
"ham",FALSE,TRUE,FALSE,"Q4_dv","AQ81_A","FB1 Only (Legacy)"
"bacon",FALSE,TRUE,FALSE,"Q4_dv","Q81_B_dv","FB1 Only (Legacy)"
"anychick",TRUE,FALSE,FALSE,"Q4_dv",NA,"In Merged OMD (FB1+FB2)"
"cbreaded",TRUE,FALSE,TRUE,"Q49A_dv","Q8_D_dv","In Merged OMD (FB1+FB2)"
"zcbreaded",TRUE,FALSE,TRUE,"Q49AI_dv",NA,"In Merged OMD (FB1+FB2)"
"cstuffed",TRUE,FALSE,TRUE,"Q49AB_dv","Q8_D_dv","In Merged OMD (FB1+FB2)"
"zcstuffed",TRUE,FALSE,FALSE,"Q4_dv",NA,"In Merged OMD (FB1+FB2)"
"cground",TRUE,TRUE,TRUE,"Q49B_dv","Q83_B_dv","In Merged OMD (FB1+FB2)"
"wholec",TRUE,FALSE,TRUE,"Q49C_dv",NA,"In Merged OMD (FB1+FB2)"
"rawwholec",TRUE,FALSE,TRUE,"Q49D_dv","Q8_D_dv","In Merged OMD (FB1+FB2)"
"chickparts",TRUE,TRUE,TRUE,"Q49E_dv","Q83_C_dv","In Merged OMD (FB1+FB2)"
"sausage_chick",TRUE,FALSE,FALSE,"Q4_dv","Q8_D_dv","In Merged OMD (FB1+FB2)"
"fb1_chickenfromarestaurantorfastfoodestablishment",FALSE,FALSE,FALSE,"Q4_dv",NA,"Missing from All OMD Data"
"anyturk",TRUE,FALSE,TRUE,"Q50_dv","Q8_D_dv","In Merged OMD (FB1+FB2)"
"sausage_turk",TRUE,TRUE,TRUE,"Q50A_dv","Q85_B_dv","In Merged OMD (FB1+FB2)"
"tground",TRUE,FALSE,TRUE,"Q50B_dv","Q8_D_dv","In Merged OMD (FB1+FB2)"
"turkparts",TRUE,FALSE,TRUE,"Q50C_dv",NA,"In Merged OMD (FB1+FB2)"
"wholet",TRUE,FALSE,FALSE,"Q4_dv","Q8_D_dv","In Merged OMD (FB1+FB2)"
"tbacon",FALSE,TRUE,FALSE,"Q4_dv","Q85_A_dv","FB1 Only (Legacy)"
"poultryo",TRUE,FALSE,FALSE,"Q4_dv","Q8_D_dv","In Merged OMD (FB1+FB2)"
"deliany",TRUE,FALSE,TRUE,"Q52_dv",NA,"In Merged OMD (FB1+FB2)"
"chickdeli",TRUE,TRUE,TRUE,"Q52A_dv","AQ88_A","In Merged OMD (FB1+FB2)"
"turkdeli",TRUE,TRUE,TRUE,"Q52B_dv","AQ88_B","In Merged OMD (FB1+FB2)"
"hamdeli",TRUE,TRUE,TRUE,"Q52C_dv","AQ88_C","In Merged OMD (FB1+FB2)"
"beefdeli",TRUE,TRUE,TRUE,"Q52D_dv","AQ88_D","In Merged OMD (FB1+FB2)"
"odeli",TRUE,FALSE,TRUE,"Q52E_dv","Q8_D_dv","In Merged OMD (FB1+FB2)"
"hotdog",TRUE,TRUE,TRUE,"Q53","Q89_A","In Merged OMD (FB1+FB2)"
"pate",TRUE,FALSE,TRUE,"Q54","Q8_D_dv","In Merged OMD (FB1+FB2)"
"organ",TRUE,FALSE,TRUE,"Q55_dv",NA,"In Merged OMD (FB1+FB2)"
"vliver",TRUE,FALSE,TRUE,"Q55A_dv","Q8_D_dv","In Merged OMD (FB1+FB2)"
"rawliver",TRUE,FALSE,TRUE,"Q55AI_dv",NA,"In Merged OMD (FB1+FB2)"
"oorgan",TRUE,FALSE,TRUE,"Q55B_dv","Q8_D_dv","In Merged OMD (FB1+FB2)"
"goat",TRUE,TRUE,TRUE,"Q56","Q89_G","In Merged OMD (FB1+FB2)"
"lamb",TRUE,TRUE,TRUE,"Q57","Q89_E","In Merged OMD (FB1+FB2)"
"horse",TRUE,TRUE,TRUE,"Q58","AQ132_C","In Merged OMD (FB1+FB2)"
"driedmeat",TRUE,FALSE,TRUE,"Q59","Q8_D_dv","In Merged OMD (FB1+FB2)"
"deer",TRUE,FALSE,FALSE,"Q4_dv",NA,"In Merged OMD (FB1+FB2)"
"huntedmeats",TRUE,FALSE,FALSE,"Q4_dv","Q8_D_dv","In Merged OMD (FB1+FB2)"
"bologna",FALSE,TRUE,FALSE,"Q4_dv","Q88_E_dv","FB1 Only (Legacy)"
"salami",FALSE,TRUE,FALSE,"Q4_dv","Q88_F_dv","FB1 Only (Legacy)"
"pepperoni",FALSE,TRUE,FALSE,"Q4_dv","Q88_G_dv","FB1 Only (Legacy)"
"kielbasa",FALSE,TRUE,FALSE,"Q4_dv","Q88_H_dv","FB1 Only (Legacy)"
"sausage",TRUE,TRUE,FALSE,"Q4_dv","Q89_B","In Merged OMD (FB1+FB2)"
"Q90",FALSE,FALSE,FALSE,"Q4_dv","Q8_D_dv","Missing from All OMD Data"
"seafood",TRUE,FALSE,TRUE,"Q69_dv",NA,"In Merged OMD (FB1+FB2)"
"anyfish",TRUE,FALSE,TRUE,"Q69A_dv","Q8_D_dv","In Merged OMD (FB1+FB2)"
"fishsmoke",TRUE,FALSE,TRUE,"Q69AI_dv",NA,"In Merged OMD (FB1+FB2)"
"fishraw",TRUE,FALSE,FALSE,"Q4_dv","Q8_D_dv","In Merged OMD (FB1+FB2)"
"shellfish",TRUE,FALSE,TRUE,"Q69B_dv",NA,"In Merged OMD (FB1+FB2)"
"mussels",TRUE,TRUE,TRUE,"Q69BI_dv","Q96_A_dv","In Merged OMD (FB1+FB2)"
"clams",TRUE,TRUE,TRUE,"Q69BII_dv","Q96_B_dv","In Merged OMD (FB1+FB2)"
"shrimp",TRUE,TRUE,TRUE,"Q69BIII_dv","Q96_D_dv","In Merged OMD (FB1+FB2)"
"oysters",TRUE,TRUE,FALSE,"Q4_dv","AQ97","In Merged OMD (FB1+FB2)"
"oysters_r",TRUE,TRUE,FALSE,"Q4_dv","Q98_dv","In Merged OMD (FB1+FB2)"
"scallops",FALSE,TRUE,FALSE,"Q4_dv","Q96_C_dv","FB1 Only (Legacy)"
"crab",FALSE,TRUE,FALSE,"Q4_dv","Q96_E_dv","FB1 Only (Legacy)"
"lobster",FALSE,TRUE,FALSE,"Q4_dv","Q96_F_dv","FB1 Only (Legacy)"
"egg",TRUE,TRUE,TRUE,"Q70_dv","egg_dv","In Merged OMD (FB1+FB2)"
"eggraw",TRUE,TRUE,TRUE,"Q70A_dv","Q100","In Merged OMD (FB1+FB2)"
"icecream",TRUE,FALSE,TRUE,"Q71","Q8_D_dv","In Merged OMD (FB1+FB2)"
"milkdess",TRUE,FALSE,TRUE,"Q72",NA,"In Merged OMD (FB1+FB2)"
"milkunpas",TRUE,FALSE,FALSE,"Q4_dv","Q8_D_dv","In Merged OMD (FB1+FB2)"
"yogurt",TRUE,TRUE,TRUE,"Q73","Q102_G_dv","In Merged OMD (FB1+FB2)"
"milkpas",FALSE,TRUE,FALSE,"Q4_dv","Q102_A_dv","FB1 Only (Legacy)"
"pwdmilk",FALSE,TRUE,FALSE,"Q4_dv","Q102_C_dv","FB1 Only (Legacy)"
"whipcream",FALSE,TRUE,FALSE,"Q4_dv","Q102_D_dv","FB1 Only (Legacy)"
"sourcream",FALSE,TRUE,FALSE,"Q4_dv","Q102_E_dv","FB1 Only (Legacy)"
"anycheese",TRUE,FALSE,FALSE,"Q4_dv","Q8_D_dv","In Merged OMD (FB1+FB2)"
"gouda",TRUE,TRUE,TRUE,"Q75A_dv","Q105_D_dv","In Merged OMD (FB1+FB2)"
"feta",TRUE,FALSE,FALSE,"Q4_dv","Q8_D_dv","In Merged OMD (FB1+FB2)"
"scheese",TRUE,FALSE,FALSE,"Q4_dv",NA,"In Merged OMD (FB1+FB2)"
"gcheese",TRUE,FALSE,FALSE,"Q4_dv","Q8_D_dv","In Merged OMD (FB1+FB2)"
"cheeseunp",FALSE,TRUE,FALSE,"Q4_dv","AQ105_L","FB1 Only (Legacy)"
"cheddar",FALSE,FALSE,FALSE,"Q4_dv","Q8_D_dv","Missing from All OMD Data"
"mozz",FALSE,TRUE,FALSE,"Q4_dv","Q105_B_dv","FB1 Only (Legacy)"
"parm",FALSE,FALSE,FALSE,"Q4_dv","Q8_D_dv","Missing from All OMD Data"
"hrdcheese",FALSE,FALSE,FALSE,"Q4_dv",NA,"Missing from All OMD Data"
"procheese",FALSE,FALSE,FALSE,"Q4_dv","Q8_D_dv","Missing from All OMD Data"
"bvcheese",FALSE,FALSE,FALSE,"Q4_dv",NA,"Missing from All OMD Data"
"fcheese",FALSE,TRUE,FALSE,"Q4_dv","Q105_I_dv","FB1 Only (Legacy)"
"gscheese",FALSE,FALSE,FALSE,"Q4_dv",NA,"Missing from All OMD Data"
"nondairymilk",FALSE,FALSE,TRUE,"Q76","Q8_D_dv","FB2 Only (Dropped in Merge)"
"nondairyprod",FALSE,FALSE,TRUE,"Q77",NA,"FB2 Only (Dropped in Merge)"
"flour",TRUE,FALSE,TRUE,"Q78","Q8_D_dv","In Merged OMD (FB1+FB2)"
"dough",TRUE,FALSE,FALSE,"Q4_dv",NA,"In Merged OMD (FB1+FB2)"
"oflour",TRUE,FALSE,FALSE,"Q4_dv","Q8_D_dv","In Merged OMD (FB1+FB2)"
"pbmeat",TRUE,FALSE,FALSE,"Q4_dv",NA,"In Merged OMD (FB1+FB2)"
"tofu",TRUE,TRUE,TRUE,"Q81A_dv","Q107_G","In Merged OMD (FB1+FB2)"
"othermeatsub",FALSE,FALSE,FALSE,"Q4_dv",NA,"Missing from All OMD Data"
"hummus",TRUE,FALSE,TRUE,"Q82","Q8_D_dv","In Merged OMD (FB1+FB2)"
"dietsup",FALSE,FALSE,TRUE,"Q83_dv",NA,"FB2 Only (Dropped in Merge)"
"mealrepbev",TRUE,FALSE,FALSE,"Q4_dv","Q8_D_dv","In Merged OMD (FB1+FB2)"
"protpowder",TRUE,FALSE,TRUE,"Q83B_dv",NA,"In Merged OMD (FB1+FB2)"
"probiotics",TRUE,FALSE,TRUE,"Q83C_dv","Q8_D_dv","In Merged OMD (FB1+FB2)"
"cannabis",TRUE,FALSE,FALSE,"Q4_dv",NA,"In Merged OMD (FB1+FB2)"
"pizza",TRUE,TRUE,FALSE,"Q4_dv","Q106_D","In Merged OMD (FB1+FB2)"
"potpie",TRUE,TRUE,FALSE,"Q4_dv","Q106_E","In Merged OMD (FB1+FB2)"
"frozenm",TRUE,FALSE,FALSE,"Q4_dv","Q8_D_dv","In Merged OMD (FB1+FB2)"
"frozens",TRUE,FALSE,FALSE,"Q4_dv",NA,"In Merged OMD (FB1+FB2)"
"granola",TRUE,TRUE,FALSE,"Q4_dv","Q107_B","In Merged OMD (FB1+FB2)"
"chips",TRUE,TRUE,FALSE,"Q4_dv","Q107_C","In Merged OMD (FB1+FB2)"
"choc",TRUE,TRUE,FALSE,"Q4_dv","Q107_D","In Merged OMD (FB1+FB2)"
"coldbc",TRUE,TRUE,FALSE,"Q4_dv","Q107_E","In Merged OMD (FB1+FB2)"
"hotbc",TRUE,FALSE,FALSE,"Q4_dv","Q8_D_dv","In Merged OMD (FB1+FB2)"
"Q109_A",TRUE,FALSE,FALSE,"Q4_dv",NA,"In Merged OMD (FB1+FB2)"
"Q109_B",TRUE,TRUE,FALSE,"Q4_dv","Q109_B","In Merged OMD (FB1+FB2)"
"Q109_C",TRUE,TRUE,FALSE,"Q4_dv","Q109_C","In Merged OMD (FB1+FB2)"
"Q110_Q111_dv",TRUE,TRUE,FALSE,"Q4_dv","AQ110","In Merged OMD (FB1+FB2)"
"babyfoods",FALSE,FALSE,FALSE,"Q4_dv",NA,"Missing from All OMD Data"
"fb1_anybabyformula",FALSE,TRUE,FALSE,"Q4_dv","babyformula_dv","FB1 Only (Legacy)"
"Q1",TRUE,FALSE,FALSE,"Q4_dv",NA,"In Merged OMD (FB1+FB2)"
"Q2",TRUE,FALSE,FALSE,"Q4_dv","Q8_D_dv","In Merged OMD (FB1+FB2)"
"Q3",TRUE,TRUE,FALSE,"Q4_dv","Q3","In Merged OMD (FB1+FB2)"
"Q4",TRUE,TRUE,FALSE,"Q4_dv","Q4","In Merged OMD (FB1+FB2)"
"foodshoppingpractices",FALSE,FALSE,FALSE,"Q4_dv",NA,"Missing from All OMD Data"
"butcher",TRUE,FALSE,FALSE,"Q4_dv","Q8_D_dv","In Merged OMD (FB1+FB2)"
"foodfarm",FALSE,FALSE,FALSE,"Q4_dv",NA,"Missing from All OMD Data"
"producefarm",FALSE,FALSE,FALSE,"Q4_dv","Q8_D_dv","Missing from All OMD Data"
"eggfarm",FALSE,FALSE,FALSE,"Q4_dv",NA,"Missing from All OMD Data"
"meatfarm",FALSE,FALSE,FALSE,"Q4_dv","Q8_D_dv","Missing from All OMD Data"
"dairyfarm",FALSE,FALSE,FALSE,"Q4_dv",NA,"Missing from All OMD Data"
"mealkit",TRUE,FALSE,FALSE,"Q4_dv","Q8_D_dv","In Merged OMD (FB1+FB2)"
"organic",FALSE,FALSE,TRUE,"eatsorganic_dv",NA,"FB2 Only (Dropped in Merge)"
"kosher",FALSE,FALSE,TRUE,"Q1_C1","Q8_D_dv","FB2 Only (Dropped in Merge)"
"vegan",FALSE,FALSE,TRUE,"Q1_C2",NA,"FB2 Only (Dropped in Merge)"
"vegetarian",FALSE,FALSE,TRUE,"Q1_C3","Q8_D_dv","FB2 Only (Dropped in Merge)"
"halal",FALSE,FALSE,TRUE,"Q1_C4",NA,"FB2 Only (Dropped in Merge)"
"drankhomew",FALSE,FALSE,TRUE,"Q89","Q8_D_dv","FB2 Only (Dropped in Merge)"
"waterconsumed",FALSE,FALSE,FALSE,"Q4_dv",NA,"Missing from All OMD Data"
"cmunicipal",FALSE,TRUE,FALSE,"Q4_dv","Q113_A_dv","FB1 Only (Legacy)"
"cwell",FALSE,TRUE,FALSE,"Q4_dv","Q113_B_dv","FB1 Only (Legacy)"
"ctruckedin",FALSE,FALSE,FALSE,"Q4_dv","Q8_D_dv","Missing from All OMD Data"
"cbottled",FALSE,FALSE,FALSE,"Q4_dv",NA,"Missing from All OMD Data"
"ccistern",FALSE,FALSE,FALSE,"Q4_dv","Q8_D_dv","Missing from All OMD Data"
"cnottreated",FALSE,FALSE,FALSE,"Q4_dv",NA,"Missing from All OMD Data"
"cotherw",FALSE,TRUE,FALSE,"Q4_dv","Q113_D_dv","FB1 Only (Legacy)"
"swaminwadeorenteredlakeriverpondorstream",FALSE,FALSE,FALSE,"Q4_dv",NA,"Missing from All OMD Data"
"Q118",TRUE,FALSE,FALSE,"Q4_dv","Q8_D_dv","In Merged OMD (FB1+FB2)"
"Q119",FALSE,TRUE,FALSE,"Q4_dv","Q119_dv","FB1 Only (Legacy)"
"naturalw",FALSE,FALSE,FALSE,"Q4_dv","Q8_D_dv","Missing from All OMD Data"
"Q120_A",FALSE,FALSE,FALSE,"Q4_dv",NA,"Missing from All OMD Data"
"Q120_B",FALSE,FALSE,FALSE,"Q4_dv","Q8_D_dv","Missing from All OMD Data"
"Q120_C",FALSE,FALSE,FALSE,"Q4_dv",NA,"Missing from All OMD Data"
"Q120_D",FALSE,FALSE,FALSE,"Q4_dv","Q8_D_dv","Missing from All OMD Data"
"pool",FALSE,FALSE,FALSE,"Q4_dv",NA,"Missing from All OMD Data"
"hottub",FALSE,FALSE,FALSE,"Q4_dv","Q8_D_dv","Missing from All OMD Data"
"waterpark",FALSE,FALSE,FALSE,"Q4_dv",NA,"Missing from All OMD Data"
"swim",TRUE,FALSE,FALSE,"Q4_dv","Q8_D_dv","In Merged OMD (FB1+FB2)"
"animalcont",FALSE,TRUE,FALSE,"Q4_dv","Q130_dv","FB1 Only (Legacy)"
"animalh",FALSE,FALSE,FALSE,"Q4_dv","Q8_D_dv","Missing from All OMD Data"
"domanim",TRUE,FALSE,FALSE,"Q4_dv",NA,"In Merged OMD (FB1+FB2)"
"cat",FALSE,TRUE,TRUE,"Q96_dv","AQ131_B","FB2 Only (Dropped in Merge)"
"dog",FALSE,TRUE,TRUE,"Q97_dv","AQ131_A","FB2 Only (Dropped in Merge)"
"reptileoramphi",FALSE,FALSE,TRUE,"Q98_dv","Q8_D_dv","FB2 Only (Dropped in Merge)"
"rept",FALSE,FALSE,FALSE,"Q4_dv",NA,"Missing from All OMD Data"
"amphi",FALSE,FALSE,FALSE,"Q4_dv","Q8_D_dv","Missing from All OMD Data"
"rodent",FALSE,FALSE,TRUE,"Q99_dv",NA,"FB2 Only (Dropped in Merge)"
"rabbit",FALSE,TRUE,TRUE,"Q100_dv","QN2_S","FB2 Only (Dropped in Merge)"
"hedgehog",FALSE,FALSE,TRUE,"Q101_dv",NA,"FB2 Only (Dropped in Merge)"
"bird",FALSE,TRUE,TRUE,"Q102_dv","AQ131_C","FB2 Only (Dropped in Merge)"
"aquari",FALSE,TRUE,FALSE,"Q4_dv","AQ131_G","FB1 Only (Legacy)"
"petwaste",FALSE,FALSE,FALSE,"Q4_dv","Q8_D_dv","Missing from All OMD Data"
"petdiarr",FALSE,FALSE,TRUE,"Q95_dv",NA,"FB2 Only (Dropped in Merge)"
"petfood",FALSE,FALSE,FALSE,"Q4_dv","Q8_D_dv","Missing from All OMD Data"
"animfddry",TRUE,FALSE,FALSE,"Q4_dv",NA,"In Merged OMD (FB1+FB2)"
"animfdcan",FALSE,FALSE,FALSE,"Q4_dv","Q8_D_dv","Missing from All OMD Data"
"animfdraw",TRUE,FALSE,FALSE,"Q4_dv",NA,"In Merged OMD (FB1+FB2)"
"animfdtreat",FALSE,FALSE,FALSE,"Q4_dv","Q8_D_dv","Missing from All OMD Data"
"animfdpr",FALSE,FALSE,FALSE,"Q4_dv",NA,"Missing from All OMD Data"
"animfdrod",FALSE,FALSE,FALSE,"Q4_dv","Q8_D_dv","Missing from All OMD Data"
"rodentsinsect",FALSE,FALSE,FALSE,"Q4_dv",NA,"Missing from All OMD Data"
"farman",FALSE,FALSE,FALSE,"Q4_dv","Q8_D_dv","Missing from All OMD Data"
"cattle",TRUE,FALSE,TRUE,"Q109_dv",NA,"In Merged OMD (FB1+FB2)"
"poultry",TRUE,FALSE,TRUE,"Q110_dv","Q8_D_dv","In Merged OMD (FB1+FB2)"
"pig",TRUE,TRUE,TRUE,"Q111_dv","AQ132_D","In Merged OMD (FB1+FB2)"
"sheepgoat",FALSE,FALSE,TRUE,"Q112_dv","Q8_D_dv","FB2 Only (Dropped in Merge)"
"horsecontact",FALSE,FALSE,FALSE,"Q4_dv",NA,"Missing from All OMD Data"
"livefarm",FALSE,FALSE,FALSE,"Q4_dv","Q8_D_dv","Missing from All OMD Data"
"visitfarm",FALSE,FALSE,FALSE,"Q4_dv",NA,"Missing from All OMD Data"
"pettingzoo",FALSE,FALSE,FALSE,"Q4_dv","Q8_D_dv","Missing from All OMD Data"
"farmvisit",FALSE,FALSE,FALSE,"Q4_dv",NA,"Missing from All OMD Data"
"fairvisit",FALSE,FALSE,FALSE,"Q4_dv","Q8_D_dv","Missing from All OMD Data"
"petstorevisit",FALSE,FALSE,FALSE,"Q4_dv",NA,"Missing from All OMD Data"
"0",FALSE,FALSE,FALSE,"Q4_dv","Q8_D_dv","Missing from All OMD Data"
