Variable Name- English,Variable Name- French,Property,ID,Survey Medium,EN Label,FR Label
Unique_id,ID_unique,NUMERIC: Integer,,BOTH,Unique identifier for the observation,Identifiant unique de l'observation
Month_dv,mois_dv,NUMERIC: Integer,,BOTH,Month,Mois
,,,1,,January,janvier
,,,2,,February,février
,,,3,,March,mars
,,,4,,April,avril
,,,5,,May,mai
,,,6,,June,juin
,,,7,,July,juillet
,,,8,,August,août
,,,9,,September,septembre
,,,10,,October,octobre
,,,11,,November,novembre
,,,12,,December,décembre
PT,PT,TEXT,,BOTH,Province/territory of residence,Province/territoire de résidence
,,CHOICE,1,,BC,C.-B.
,,CHOICE,2,,AB,Alb.
,,CHOICE,3,,SK,Sask.
,,CHOICE,4,,MB,Man.
,,CHOICE,5,,ON,Ont.
,,CHOICE,6,,QC,Qc
,,CHOICE,7,,NB,N.-B.
,,CHOICE,8,,NS,N.-É.
,,CHOICE,9,,PE,Î.-P.-É.
,,CHOICE,10,,NL,T.-N.-L.
,,CHOICE,11,,YT,Yn
,,CHOICE,12,,NT,T.N.-O.
,,CHOICE,13,,NU,Nun.
DEMO8,DEMO8,TEXT,,BOTH,Travel outside of P/T of residence in past 7 days,Voyage
,,CHOICE,1,,Yes,Oui
,,CHOICE,2,,No,Non
Q1_C1,Q1_C1,TEXT,,BOTH,Vegan diet,Régime végétalien
,,CHOICE,1,,Selected,Sélectionné
,,CHOICE,0,,Not selected,Non sélectionné
Q1_C2,Q1_C2,TEXT,,BOTH,Vegetarian diet,Régime végétarien
,,CHOICE,1,,Selected,Sélectionné
,,CHOICE,0,,Not selected,Non sélectionné
Q1_C3,Q1_C3,TEXT,,BOTH,Kosher diet,Régime casher
,,CHOICE,1,,Selected,Sélectionné
,,CHOICE,0,,Not selected,Non sélectionné
Q1_C4,Q1_C4,TEXT,,BOTH,Halal diet,Régime halal
,,CHOICE,1,,Selected,Sélectionné
,,CHOICE,0,,Not selected,Non sélectionné
Q1_C5,Q1_C5,TEXT,,BOTH,No special diet,Pas de régime spécial
,,CHOICE,1,,Selected,Sélectionné
,,CHOICE,0,,Not selected,Non sélectionné
Q1_C6,Q1_C6,TEXT,,BOTH,Diet: unsure,Régime: incertain
,,CHOICE,1,,Selected,Sélectionné
,,CHOICE,0,,Not selected,Non sélectionné
organic_dv,organique_dv,TEXT,,BOTH,Q2. Always or sometimes eats organic produce,Q2. Consommation des produits issus de l’agriculture biologique
,,CHOICE,1,,Sometimes or always eats organic produce,Ne mange que des produits issus de l’agriculture biologique
,,CHOICE,2,,Never eats organic produce/unsure/prefer not to answer,Ne mange jamais de produits issus de l’agriculture biologique
Q3_dv,Q3_dv,TEXT,,BOTH,Q3. Home made baby foods,Q3. Aliments pour bébés faits maison
,,CHOICE,1,,Yes,Oui
,,CHOICE,2,,No,Non
Q4_dv,Q4_dv,TEXT,,BOTH,Q4. Any tomatoes,Q4. Tomates (n’importe laquelle)
,,CHOICE,1,,Yes,Oui
,,CHOICE,2,,No,Non
Q4A_dv,Q4A_dv,TEXT,,BOTH,Q4a. Grape or cherry tomatoes,Q4a. Tomates cerises ou raisins
,,CHOICE,1,,Yes,Oui
,,CHOICE,2,,No,Non
Q5_dv,Q5_dv,TEXT,,BOTH,Q5. Any lettuce or leafy greens,Q5. Laitue ou légumes-feuilles
,,CHOICE,1,,Yes,Oui
,,CHOICE,2,,No,Non
Q5A_dv,Q5A_dv,TEXT,,BOTH,Q5a. Iceberg lettuce,Q5a. Laitue iceberg
,,CHOICE,1,,Yes,Oui
,,CHOICE,2,,No,Non
Q5B_dv,Q5B_dv,TEXT,,BOTH,Q5b. Romaine lettuce,Q5b. Laitue romaine
,,CHOICE,1,,Yes,Oui
,,CHOICE,2,,No,Non
Q5C_dv,Q5C_dv,TEXT,,BOTH,Q5c. Spinach,Q5c. Épinards
,,CHOICE,1,,Yes,Oui
,,CHOICE,2,,No,Non
Q5D_dv,Q5D_dv,TEXT,,BOTH,Q5d. Mesclun lettuce/spring mix,Q5d. Mesclun (mélange printanier)
,,CHOICE,1,,Yes,Oui
,,CHOICE,2,,No,Non
Q5E_dv,Q5E_dv,TEXT,,BOTH,Q5e. Kale,Q5e. Chou frisé
,,CHOICE,1,,Yes,Oui
,,CHOICE,2,,No,Non
Q5F_dv,Q5F_dv,TEXT,,BOTH,Q5f. Arugula,Q5f. Roquette
,,CHOICE,1,,Yes,Oui
,,CHOICE,2,,No,Non
Q5G,Q5G,TEXT,,BOTH,Q5g. Other leafy green,Q5g. Autres légumes-feuilles
,,CHOICE,1,,Yes,Oui
,,CHOICE,2,,No,Non
Q5G_O,Q5G_O,TEXT,,BOTH,"Q5g. Other leafy green, specify:","Q5g. Autres légumes-feuilles, veuillez préciser :"
,,,TEXT,,Please Specify,Veuillez préciser
Q6,Q6,TEXT,,BOTH,Q6. Any pre-packaged leafy greens,"Q6. Légumes-feuilles préemballés, entiers ou émincés"
,,CHOICE,1,,Yes,Oui
,,CHOICE,2,,No,Non
Q7,Q7,TEXT,,BOTH,Q7. Commercially pre-packaged salad kit,Q7. Trousse de salade commerciale préemballée
,,CHOICE,1,,Yes,Oui
,,CHOICE,2,,No,Non
Q8_dv,Q8_dv,TEXT,,BOTH,Q8. Any cabbage ,Q8. Chou
,,CHOICE,1,,Yes,Oui
,,CHOICE,2,,No,Non
Q8A_dv,Q8A_dv,TEXT,,BOTH,Q8a. Coleslaw,Q8a. Salade de chou
,,CHOICE,1,,Yes,Oui
,,CHOICE,2,,No,Non
Q9,Q9,TEXT,,BOTH,Q9. Store-bought prepared or ready to eat green salad,Q9. Salade verte du commerce ou prête à manger
,,CHOICE,1,,Yes,Oui
,,CHOICE,2,,No,Non
Q10,Q10,TEXT,,BOTH,Q10. Mini/baby carrots,Q10. Mini-carottes
,,CHOICE,1,,Yes,Oui
,,CHOICE,2,,No,Non
Q11_dv,Q11_dv,TEXT,,BOTH,Q11. Any microgreens or sprouts ,Q11. Micropousses ou graines germées
,,CHOICE,1,,Yes,Oui
,,CHOICE,2,,No,Non
Q11A_dv,Q11A_dv,TEXT,,BOTH,Q11a. Microgreens,Q11a. Micropousses
,,CHOICE,1,,Yes,Oui
,,CHOICE,2,,No,Non
Q11B_dv,Q11B_dv,TEXT,,BOTH,Q11b. Alfalfa sprouts,Q11b. Germes de luzerne
,,CHOICE,1,,Yes,Oui
,,CHOICE,2,,No,Non
Q11C_dv,Q11C_dv,TEXT,,BOTH,Q11c. Bean sprouts,Q11c. Germes de haricots
,,CHOICE,1,,Yes,Oui
,,CHOICE,2,,No,Non
Q11D_dv,Q11D_dv,TEXT,,BOTH,Q11d. Other sprouts,Q11d. Autres graines germées
,,CHOICE,1,,Yes,Oui
,,CHOICE,2,,No,Non
Q12,Q12,TEXT,,BOTH,Q12. Cucumbers,Q12. Concombres
,,CHOICE,1,,Yes,Oui
,,CHOICE,2,,No,Non
Q13,Q13,TEXT,,BOTH,Q13. Bell peppers,Q13. Poivrons
,,CHOICE,1,,Yes,Oui
,,CHOICE,2,,No,Non
Q14,Q14,TEXT,,BOTH,Q14. Hot peppers,Q14. Piments forts
,,CHOICE,1,,Yes,Oui
,,CHOICE,2,,No,Non
Q15,Q15,TEXT,,BOTH,Q15. Sugar snap peas,Q15. Pois mange-tout
,,CHOICE,1,,Yes,Oui
,,CHOICE,2,,No,Non
Q16,Q16,TEXT,,BOTH,Q16. Mushrooms,Q16. Champignons
,,CHOICE,1,,Yes,Oui
,,CHOICE,2,,No,Non
Q17_dv,Q17_dv,TEXT,,BOTH,Q17. Any onions,Q17. Oignons
,,CHOICE,1,,Yes,Oui
,,CHOICE,2,,No,Non
Q17A_dv,Q17A_dv,TEXT,,BOTH,Q17a. Green onions,Q17a. Oignons verts (échalotes)
,,CHOICE,1,,Yes,Oui
,,CHOICE,2,,No,Non
Q17B_dv,Q17B_dv,TEXT,,BOTH,Q17b. Red onions,Q17b. Oignons rouges
,,CHOICE,1,,Yes,Oui
,,CHOICE,2,,No,Non
Q17C_dv,Q17C_dv,TEXT,,BOTH,Q17c. Other onions,Q17c. Autres oignons
,,CHOICE,1,,Yes,Oui
,,CHOICE,2,,No,Non
freshherbs_dv,herbesfraiches_dv,TEXT,,BOTH,Any fresh herbs,Herbes fraîches
,,CHOICE,1,,Yes,Oui
,,CHOICE,2,,No,Non
Q18,Q18,TEXT,,BOTH,Q18. Fresh basil,Q18. Basilic frais
,,CHOICE,1,,Yes,Oui
,,CHOICE,2,,No,Non
Q19,Q19,TEXT,,BOTH,Q19. Fresh cilantro/coriander,Q19. Coriandre fraîche
,,CHOICE,1,,Yes,Oui
,,CHOICE,2,,No,Non
Q20,Q20,TEXT,,BOTH,Q20. Fresh parsley,Q20. Persil frais
,,CHOICE,1,,Yes,Oui
,,CHOICE,2,,No,Non
Q21,Q21,TEXT,,BOTH,Q21. Other fresh herbs,Q21. Autres fines herbes fraîches
,,CHOICE,1,,Yes,Oui
,,CHOICE,2,,No,Non
Q21_O,Q21_O,TEXT,,BOTH,"Q21. Other fresh herbs, specify",Q21. Autres fines herbes fraîches préciser
,,CHOICE,TEXT,,Please Specify,Veuillez préciser
Q22_dv,Q22_dv,TEXT,,BOTH,Q22. Mangoes,Q22. Mangues
,,CHOICE,1,,Yes,Oui
,,CHOICE,2,,No,Non
Q22A_dv,Q22A_dv,TEXT,,BOTH,Q22a. Fresh mangoes,Q22a. Mangues fraîches
,,CHOICE,1,,Yes,Oui
,,CHOICE,2,,No,Non
Q22B_dv,Q22B_dv,TEXT,,BOTH,Q22b. Frozen mangoes,Q22b. Mangues surgelées
,,CHOICE,1,,Yes,Oui
,,CHOICE,2,,No,Non
Q22C_dv,Q22C_dv,TEXT,,BOTH,Q22c. Dried mangoes,Q22c. Mangues séchées
,,CHOICE,1,,Yes,Oui
,,CHOICE,2,,No,Non
Q23_dv,Q23_dv,TEXT,,BOTH,Q23. Papayas,Q23. Papayes
,,CHOICE,1,,Yes,Oui
,,CHOICE,2,,No,Non
Q23A_dv,Q23A_dv,TEXT,,BOTH,Q23a. Fresh papayas,Q23a. Papayes fraîches
,,CHOICE,1,,Yes,Oui
,,CHOICE,2,,No,Non
Q23B_dv,Q23B_dv,TEXT,,BOTH,Q23b. Frozen papayas,Q23b. Papayes surgelées
,,CHOICE,1,,Yes,Oui
,,CHOICE,2,,No,Non
Q23C_dv,Q23C_dv,TEXT,,BOTH,Q23c. Dried papayas,Q23c. Papayes séchées
,,CHOICE,1,,Yes,Oui
,,CHOICE,2,,No,Non
Q24_dv,Q24_dv,TEXT,,BOTH,Q24. Pomegranate,Q24. Grenades
,,CHOICE,1,,Yes,Oui
,,CHOICE,2,,No,Non
Q24A_dv,Q24A_dv,TEXT,,BOTH,Q24a. Fresh pomegranate (including ready-to-eat seeds),Q24a. Grenades fraîches (y compris les graines prêtes à manger)
,,CHOICE,1,,Yes,Oui
,,CHOICE,2,,No,Non
Q24B_dv,Q24B_dv,TEXT,,BOTH,Q24b. Frozen pomegranate,Q24b. Grenades surgelées
,,CHOICE,1,,Yes,Oui
,,CHOICE,2,,No,Non
Q25_dv,Q25_dv,TEXT,,BOTH,Q25. Avocado (including guacamole),Q25. Avocats (y compris le guacamole)
,,CHOICE,1,,Yes,Oui
,,CHOICE,2,,No,Non
Q25A_dv,Q25A_dv,TEXT,,BOTH,Q25a. Fresh avocado,Q25a. Avocats frais
,,CHOICE,1,,Yes,Oui
,,CHOICE,2,,No,Non
Q25B_dv,Q25B_dv,TEXT,,BOTH,Q25b. Frozen avocado,Q25b. Avocats surgelés
,,CHOICE,1,,Yes,Oui
,,CHOICE,2,,No,Non
melon_dv,melon_dv,TEXT,,BOTH,Any melon,Melon
,,CHOICE,1,,Yes,Oui
,,CHOICE,2,,No,Non
Q26_dv,Q26_dv,TEXT,,BOTH,Q26. Cantaloupe,Q26. Cantaloups
,,CHOICE,1,,Yes,Oui
,,CHOICE,2,,No,Non
Q26A_dv,Q26A_dv,TEXT,,BOTH,Q26a. Fresh cantaloupe,Q26a. Cantaloups frais
,,CHOICE,1,,Yes,Oui
,,CHOICE,2,,No,Non
Q26B_dv,Q26B_dv,TEXT,,BOTH,Q26b. Frozen cantaloupe,Q26b. Cantaloups surgelés
,,CHOICE,1,,Yes,Oui
,,CHOICE,2,,No,Non
Q27_dv,Q27_dv,TEXT,,BOTH,Q27. Honeydew melon,Q27. Melon miel
,,CHOICE,1,,Yes,Oui
,,CHOICE,2,,No,Non
Q27A_dv,Q27A_dv,TEXT,,BOTH,Q27a. Fresh honeydew melon,Q27a. Melons miel frais
,,CHOICE,1,,Yes,Oui
,,CHOICE,2,,No,Non
Q27B_dv,Q27B_dv,TEXT,,BOTH,Q27b. Frozen honeydew melon,Q27b. Melons miel surgelés
,,CHOICE,1,,Yes,Oui
,,CHOICE,2,,No,Non
Q28_dv,Q28_dv,TEXT,,BOTH,Q28. Watermelon,Q28. Melon d’eau
,,CHOICE,1,,Yes,Oui
,,CHOICE,2,,No,Non
Q28A_dv,Q28A_dv,TEXT,,BOTH,Q28a. Fresh watermelon,Q28a. Melons d’eau frais
,,CHOICE,1,,Yes,Oui
,,CHOICE,2,,No,Non
Q28B_dv,Q28B_dv,TEXT,,BOTH,Q28b. Frozen watermelon,Q28b. Melons d’eau surgelés
,,CHOICE,1,,Yes,Oui
,,CHOICE,2,,No,Non
Q29_dv,Q29_dv,TEXT,,BOTH,Q29. Peaches,Q29. Pêches
,,CHOICE,1,,Yes,Oui
,,CHOICE,2,,No,Non
Q29A_dv,Q29A_dv,TEXT,,BOTH,Q29a. Fresh peaches,Q29a. Pêches fraîches
,,CHOICE,,,Yes,Oui
,,CHOICE,2,,No,Non
Q29B_dv,Q29B_dv,TEXT,,BOTH,Q29b. Frozen peaches,Q29b. Pêches surgelées
,,CHOICE,1,,Yes,Oui
,,CHOICE,,,No,Non
Q30_dv,Q30_dv,TEXT,,BOTH,Q30. Nectarines,Q30. Nectarines
,,CHOICE,1,,Yes,Oui
,,CHOICE,2,,No,Non
Q30A_dv,Q30A_dv,TEXT,,BOTH,Q30a. Fresh nectarines,Q30a. Nectarines fraîches
,,CHOICE,1,,Yes,Oui
,,CHOICE,2,,No,Non
Q30B_dv,Q30B_dv,TEXT,,BOTH,Q30b. Frozen nectarines,Q30b. Nectarines surgelées
,,CHOICE,1,,Yes,Oui
,,CHOICE,2,,No,Non
berries_dv,baies_dv,TEXT,,BOTH,Any berries,Baies
,,CHOICE,1,,Yes,Oui
,,CHOICE,2,,No,Non
Q31_dv,Q31_dv,TEXT,,BOTH,Q31. Strawberries,Q31. Fraises
,,CHOICE,1,,Yes,Oui
,,CHOICE,2,,No,Non
Q31A_dv,Q31A_dv,TEXT,,BOTH,Q31a. Fresh strawberries,Q31a. Fraises fraîches
,,CHOICE,1,,Yes,Oui
,,CHOICE,2,,No,Non
Q31B_dv,Q31B_dv,TEXT,,BOTH,Q31b. Frozen strawberries,Q31b. Fraises surgelées
,,CHOICE,1,,Yes,Oui
,,CHOICE,2,,No,Non
Q31C_dv,Q31C_dv,TEXT,,BOTH,Q31c. Dried strawberries,Q31c. Fraises séchées
,,CHOICE,,,Yes,Oui
,,CHOICE,2,,No,Non
Q32_dv,Q32_dv,TEXT,,BOTH,Q32. Raspberries,Q32. Framboises
,,CHOICE,1,,Yes,Oui
,,CHOICE,,,No,Non
Q32A_dv,Q32A_dv,TEXT,,BOTH,Q32a. Fresh raspberries,Q32a. Framboises fraîches
,,CHOICE,1,,Yes,Oui
,,CHOICE,2,,No,Non
Q32C_dv,Q32C_dv,TEXT,,BOTH,Q32b. Frozen raspberries,Q32b. Framboises surgelées
,,CHOICE,1,,Yes,Oui
,,CHOICE,2,,No,Non
Q32C_dv,Q32C_dv,TEXT,,BOTH,Q32c. Dried raspberries,Q32c. Framboises séchées
,,CHOICE,1,,Yes,Oui
,,CHOICE,2,,No,Non
Q33_dv,Q33_dv,TEXT,,BOTH,Q33. Blueberries,Q33. Bleuets
,,CHOICE,1,,Yes,Oui
,,CHOICE,2,,No,Non
Q33A_dv,Q33A_dv,TEXT,,BOTH,Q33a. Fresh blueberries,Q33a. Bleuets frais
,,CHOICE,1,,Yes,Oui
,,CHOICE,2,,No,Non
Q33B_dv,Q33B_dv,TEXT,,BOTH,Q33b. Frozen blueberries,Q33b. Bleuets surgelés
,,CHOICE,1,,Yes,Oui
,,CHOICE,2,,No,Non
Q33C_dv,Q33C_dv,TEXT,,BOTH,Q33c. Dried blueberries,Q33c. Bleuets séchés
,,CHOICE,1,,Yes,Oui
,,CHOICE,2,,No,Non
Q34_dv,Q34_dv,TEXT,,BOTH,Q34. Blackberries,Q34. Mûres
,,CHOICE,1,,Yes,Oui
,,CHOICE,2,,No,Non
Q34A_dv,Q34A_dv,TEXT,,BOTH,Q34a. Fresh blackberries,Q34a. Mûres fraîches
,,CHOICE,1,,Yes,Oui
,,CHOICE,2,,No,Non
Q34B_dv,Q34B_dv,TEXT,,BOTH,Q34b. Frozen blackberries,Q34b. Mûres surgelées
,,CHOICE,1,,Yes,Oui
,,CHOICE,2,,No,Non
Q34C_dv,Q34C_dv,TEXT,,BOTH,Q34c. Dried blackberries,Q34c. Mûres séchées
,,CHOICE,1,,Yes,Oui
,,CHOICE,2,,No,Non
Q35_dv,Q35_dv,TEXT,,BOTH,Q35. Coconut; excluding coconut water or milk,Q35. Noix de coco : excepté l’eau de coco ou le lait de coco
,,CHOICE,1,,Yes,Oui
,,CHOICE,2,,No,Non
Q35A_dv,Q35A_dv,TEXT,,BOTH,Q35a. Fresh coconut,Q35a. Noix de coco fraîches
,,CHOICE,1,,Yes,Oui
,,CHOICE,2,,No,Non
Q35B_dv,Q35B_dv,TEXT,,BOTH,Q35b. Frozen coconut,Q35b. Noix de coco surgelées
,,CHOICE,1,,Yes,Oui
,,CHOICE,2,,No,Non
Q35C_dv,Q35C_dv,TEXT,,BOTH,Q35c. Dried coconut,Q35c. Noix de coco séchées
,,CHOICE,1,,Yes,Oui
,,CHOICE,2,,No,Non
Q36,Q36,TEXT,,BOTH,Q36. Bag of mixed frozen fruit or berries,Q36. Sac de fruits surgelés ou de petits fruits
,,CHOICE,1,,Yes,Oui
,,CHOICE,2,,No,Non
Q37,Q37,TEXT,,BOTH,Q37. Fruit smoothies at home or store-bought,Q37. Smoothies aux fruits faits maison ou achetés en magasin
,,CHOICE,1,,Yes,Oui
,,CHOICE,2,,No,Non
Q38,Q38,TEXT,,BOTH,Q38. Unpasteurized apple cider or fruit juice,Q38. Cidre de pomme ou jus de fruits non pasteurisés
,,CHOICE,1,,Yes,Oui
,,CHOICE,2,,No,Non
Q39_dv,Q39_dv,TEXT,,BOTH,Q39. Any nuts,Q39. Noix 
,,CHOICE,1,,Yes,Oui
,,CHOICE,2,,No,Non
Q39A_dv,Q39A_dv,TEXT,,BOTH,Q39a. Peanuts (excluding peanut butter/spread),Q39a. Arachides (sauf le beurre ou la tartinade d’arachide)
,,CHOICE,1,,Yes,Oui
,,CHOICE,2,,No,Non
Q39B_dv,Q39B_dv,TEXT,,BOTH,Q39b. Peanut butter/spread,Q39b. Beurre d’arachides
,,CHOICE,1,,Yes,Oui
,,CHOICE,2,,No,Non
Q39C_dv,Q39C_dv,TEXT,,BOTH,Q39c. Almonds (excluding almond butter/spread),Q39c. Amandes (sauf le beurre ou la tartinade d’amandes)
,,CHOICE,1,,Yes,Oui
,,CHOICE,2,,No,Non
Q39D_dv,Q39D_dv,TEXT,,BOTH,Q39d. Almond butter,Q39d. Beurre d’amande
,,CHOICE,1,,Yes,Oui
,,CHOICE,2,,No,Non
Q39E_dv,Q39E_dv,TEXT,,BOTH,Q39e. Walnuts,Q39e. Noix de Grenoble
,,CHOICE,1,,Yes,Oui
,,CHOICE,2,,No,Non
Q39F_dv,Q39F_dv,TEXT,,BOTH,Q39f. Hazelnuts (excluding hazelnut butter/spread),Q39f. Noisettes (sauf le beurre ou la tartinade de noisette)
,,CHOICE,1,,Yes,Oui
,,CHOICE,2,,No,Non
Q39G_dv,Q39G_dv,TEXT,,BOTH,Q39g. Hazelnut spread,Q39g. Beurre et tartinade contenant des noisettes
,,CHOICE,1,,Yes,Oui
,,CHOICE,2,,No,Non
Q39H_dv,Q39H_dv,TEXT,,BOTH,Q39h. Cashews (excluding cashew butter/spread),Q39h. Noix de cajou (sauf le beurre ou la tartinade de cajou)
,,CHOICE,1,,Yes,Oui
,,CHOICE,2,,No,Non
Q39I_dv,Q39I_dv,TEXT,,BOTH,Q39i. Cashew butter,Q39i. Beurre de cajou
,,CHOICE,1,,Yes,Oui
,,CHOICE,2,,No,Non
Q39J_dv,Q39J_dv,TEXT,,BOTH,Q39j. Pecans,Q39j. Pacanes
,,CHOICE,1,,Yes,Oui
,,CHOICE,2,,No,Non
Q39K_dv,Q39K_dv,TEXT,,BOTH,Q39k. Other nuts,Q39k. Autres noix 
,,CHOICE,1,,Yes,Oui
,,CHOICE,2,,No,Non
seeds_dv,graines_dv,TEXT,,BOTH,Any seeds,Graines
,,CHOICE,1,,Yes,
,,CHOICE,2,,No,
Q40,Q40,TEXT,,BOTH,Q40. Sunflower seeds,Q40. Graines de tournesol
,,CHOICE,1,,Yes,Oui
,,CHOICE,2,,No,Non
Q41,Q41,TEXT,,BOTH,Q41. Butter or paste containing sunflower seeds,Q41. Beurre ou pâte contenant des graines de tournesol
,,CHOICE,1,,Yes,Oui
,,CHOICE,2,,No,Non
Q42,Q42,TEXT,,BOTH,Q42. Sesame seeds,Q42. Graines de sésame
,,CHOICE,1,,Yes,Oui
,,CHOICE,2,,No,Non
Q43,Q43,TEXT,,BOTH,Q43. Tahini,Q43. Tahini (pâte de sésame)
,,CHOICE,1,,Yes,Oui
,,CHOICE,2,,No,Non
Q44,Q44,TEXT,,BOTH,Q44. Chia seeds/chia seed powder,Q44. Graines de chia/poudre de graines de chia
,,CHOICE,1,,Yes,Oui
,,CHOICE,2,,No,Non
Q45,Q45,TEXT,,BOTH,Q45. Flax seeds/flax seed powder,Q45. Graines de lin et poudre de graines de lin
,,CHOICE,1,,Yes,Oui
,,CHOICE,2,,No,Non
Q46,Q46,TEXT,,BOTH,Q46. Other seeds,Q46. Autres graines 
,,CHOICE,1,,Yes,Oui
,,CHOICE,2,,No,Non
Q47_dv,Q47_dv,TEXT,,BOTH,Q47. Any beef (excluding deli-meat),Q47. Tout bœuf (sauf la charcuterie)
,,CHOICE,1,,Yes,Oui
,,CHOICE,2,,No,Non
Q47A_dv,Q47A_dv,TEXT,,BOTH,Q47a. Any ground beef ,Q47a. Bœuf haché 
,,CHOICE,1,,Yes,Oui
,,CHOICE,2,,No,Non
Q47AI_dv,Q47AI_dv,TEXT,,BOTH,Q47ai. Ground beef consumed raw or undercooked,Q47ai. Bœuf haché consommé cru ou pas assez cuit
,,CHOICE,1,,Yes,Oui
,,CHOICE,2,,No,Non
Q47B_dv,Q47B_dv,TEXT,,BOTH,Q47b. Any hamburgers,"Q47b. Hamburgers (par exemple, galettes de bœuf haché)"
,,CHOICE,1,,Yes,Oui
,,CHOICE,2,,No,Non
Q47BI_dv,Q47BI_dv,TEXT,,BOTH,Q47bi. Hamburgers store-bought frozen beef patties,Q47bi. Galettes de bœuf achetées congelées
,,CHOICE,1,,Yes,Oui
,,CHOICE,2,,No,Non
Q47C_dv,Q47C_dv,TEXT,,BOTH,Q47c. Raw beef (not including raw ground beef),Q47c. Bœuf cru (sauf le bœuf haché cru)
,,CHOICE,1,,Yes,Oui
,,CHOICE,2,,No,Non
Q47D_dv,Q47D_dv,TEXT,,BOTH,Q47d. Steak,Q47d. Bifteck
,,CHOICE,1,,Yes,Oui
,,CHOICE,2,,No,Non
Q47E_dv,Q47E_dv,TEXT,,BOTH,Q47e. Stewing beef,Q47e. Bœuf à ragoût
,,CHOICE,1,,Yes,Oui
,,CHOICE,2,,No,Non
Q47F_dv,Q47F_dv,TEXT,,BOTH,Q47f. Veal,Q47f. Veau
,,CHOICE,1,,Yes,Oui
,,CHOICE,2,,No,Non
Q47G_dv,Q47G_dv,TEXT,,BOTH,Q47g. Beef sausage (not including dried sausage),Q47g. Saucisses de bœuf (sauf les saucissons)
,,CHOICE,1,,Yes,Oui
,,CHOICE,2,,No,Non
Q47H_dv,Q47H_dv,TEXT,,BOTH,Q47h. Other whole-cut beef products (e.g. ribs or roast),Q47h. Autres produits de bœuf entier (p. ex. côtes levées ou rosbif)
,,CHOICE,1,,Yes,Oui
,,CHOICE,2,,No,Non
Q48_dv,Q48_dv,TEXT,,BOTH,Q48. Any pork (not including deli meat),Q48. Tout porc (sauf les charcuteries)
,,CHOICE,1,,Yes,Oui
,,CHOICE,2,,No,Non
Q48A_dv,Q48A_dv,TEXT,,BOTH,Q48a. Ground pork,Q48a. Porc haché
,,CHOICE,1,,Yes,Oui
,,CHOICE,2,,No,Non
Q48B_dv,Q48B_dv,TEXT,,BOTH,Q48b. Pork sausage (not including dried sausage),Q48b. Saucisse de porc (sauf les saucissons)
,,CHOICE,1,,Yes,Oui
,,CHOICE,2,,No,Non
Q48C_dv,Q48C_dv,TEXT,,BOTH,Q48c.Pork pieces or parts,Q48c. Porc en morceaux ou en pièces
,,CHOICE,1,,Yes,Oui
,,CHOICE,2,,No,Non
Q48D_dv,Q48D_dv,TEXT,,BOTH,Q48d. Pork consumed raw or with pink still showing,Q48d. Porc consommé cru ou présentant encore une coloration rosée
,,CHOICE,1,,Yes,Oui
,,CHOICE,2,,No,Non
Q49_dv,Q49_dv,TEXT,,BOTH,Q49. Any chicken (not including deli-meat),Q49. Poulet (sauf la charcuterie)
,,CHOICE,1,,Yes,Oui
,,CHOICE,2,,No,Non
Q49A_dv,Q49A_dv,TEXT,,BOTH,Q49a. Store-bought breaded chicken,Q49a. Poulet pané du commerce
,,CHOICE,1,,Yes,Oui
,,CHOICE,2,,No,Non
Q49AI_dv,Q49AI_dv,TEXT,,BOTH,Q49ai. Store-bought breaded chicken purchased frozen,Q49ai. Poulet pané du commerce acheté congelé
,,CHOICE,1,,Yes,Oui
,,CHOICE,2,,No,Non
Q49AB_dv,Q49AB_dv,TEXT,,BOTH,Q49ab. Store-bought stuffed chicken products ,Q49ab. Produits de poulet farci du commerce
,,CHOICE,1,,Yes,Oui
,,CHOICE,2,,No,Non
Q49ABI_dv,Q49ABI_dv,TEXT,,BOTH,Q49abi. Store-bought stuffed chicken products,Q49abi. Produits de poulet farci surgelés achetés en magasin
,,CHOICE,1,,Yes,Oui
,,CHOICE,2,,No,Non
Q49B_dv,Q49B_dv,TEXT,,BOTH,Q49b. Ground chicken,Q49b. Poulet haché
,,CHOICE,1,,Yes,Oui
,,CHOICE,2,,No,Non
Q49C_dv,Q49C_dv,TEXT,,BOTH,Q49c. Roasted whole chicken purchased from a store,Q49c. Poulet entier rôti acheté dans un magasin
,,CHOICE,1,,Yes,Oui
,,CHOICE,2,,No,Non
Q49D_dv,Q49D_dv,TEXT,,BOTH,Q49d. Whole chicken purchased raw and cooked at home,Q49d. Poulet entier acheté cru et cuit à la maison
,,CHOICE,1,,Yes,Oui
,,CHOICE,2,,No,Non
Q49E_dv,Q49E_dv,TEXT,,BOTH,Q49e. Chicken pieces or parts,Q49e. Poulet en morceaux ou en pièces
,,CHOICE,1,,Yes,Oui
,,CHOICE,2,,No,Non
Q49F_dv,Q49F_dv,TEXT,,BOTH,Q49f. Chicken sausage (excluding dried sausage),Q49f. Saucisse de poulet (sauf les saucissons)
,,CHOICE,1,,Yes,Oui
,,CHOICE,2,,No,Non
Q50_dv,Q50_dv,TEXT,,BOTH,Q50. Any turkey (not including deli meat),Q50. Dinde (à l’exclusion de la charcuterie)
,,CHOICE,1,,Yes,Oui
,,CHOICE,2,,No,Non
Q50A_dv,Q50A_dv,TEXT,,BOTH,Q50a. Ground turkey,Q50a. Dinde hachée
,,CHOICE,1,,Yes,Oui
,,CHOICE,2,,No,Non
Q50B_dv,Q50B_dv,TEXT,,BOTH,Q50b. Turkey sausage,Q50b. Saucisses de dinde
,,CHOICE,1,,Yes,Oui
,,CHOICE,2,,No,Non
Q50C_dv,Q50C_dv,TEXT,,BOTH,Q50c. Whole turkey,Q50c. Dinde entière
,,CHOICE,1,,Yes,Oui
,,CHOICE,2,,No,Non
Q50D_dv,Q50D_dv,TEXT,,BOTH,Q50d. Turkey pieces or parts,Q50d. Dinde en morceaux ou en pièces
,,CHOICE,1,,Yes,Oui
,,CHOICE,2,,No,Non
Q51,Q52,TEXT,,BOTH,Q51. Other poultry ,Q51. Autres volailles (excluant les charcuteries) 
,,CHOICE,1,,Yes,Oui
,,CHOICE,2,,No,Non
Q52_dv,Q52_dv,TEXT,,BOTH,Q52. Any deli-meat/cold cuts,Q52. Charcuteries ou viandes froides
,,CHOICE,1,,Yes,Oui
,,CHOICE,2,,No,Non
Q52A_dv,Q52A_dv,TEXT,,BOTH,Q52a. Chicken deli-meat,Q52a. Charcuterie de poulet
,,CHOICE,1,,Yes,Oui
,,CHOICE,2,,No,Non
Q52B_dv,Q52B_dv,TEXT,,BOTH,Q52b. Turkey deli-meat,Q52b. Charcuterie de dinde
,,CHOICE,1,,Yes,Oui
,,CHOICE,2,,No,Non
Q52C_dv,Q52C_dv,TEXT,,BOTH,Q52c. Ham deli-meat,Q52c. Charcuterie de jambon
,,CHOICE,1,,Yes,Oui
,,CHOICE,2,,No,Non
Q52D_dv,Q52D_dv,TEXT,,BOTH,Q52d. Beef deli-meat,Q52d. Charcuterie de bœuf
,,CHOICE,1,,Yes,Oui
,,CHOICE,2,,No,Non
Q52E_dv,Q52E_dv,TEXT,,BOTH,"Q52e. Other deli-meat, specify",Q52e. Autres charcuteries
,,CHOICE,1,,Yes,Oui
,,CHOICE,2,,No,Non
Q52E_O,Q52E_O,TEXT,,BOTH,"Q52e. Other deli meat, specify:","Q52e. Autres charcuteries, préciser "
,,,TEXT,,,
Q53,Q53,TEXT,,BOTH,Q53. Hot dogs,Q53. Hot-dogs
,,CHOICE,1,,Yes,Oui
,,CHOICE,2,,No,Non
Q54,Q54,TEXT,,BOTH,Q54. Pâté/meat spread,Q54. Pâtés/viandes à tartiner
,,CHOICE,1,,Yes,Oui
,,CHOICE,2,,No,Non
Q55_dv,Q55_dv,TEXT,,BOTH,Q55. Any organ meats,Q55. Abats 
,,CHOICE,1,,Yes,Oui
,,CHOICE,2,,No,Non
Q55A_dv,Q55A_dv,TEXT,,BOTH,Q55a. Veal or calf liver,Q55a. Foie de veau
,,CHOICE,1,,Yes,Oui
,,CHOICE,2,,No,Non
Q55AI_dv,Q55AI_dv,TEXT,,BOTH,Q55ai. Veal or calf liver consumed raw or undercooked,Q55ai. Foie de veau cru ou pas assez cuit
,,CHOICE,1,,Yes,Oui
,,CHOICE,2,,No,Non
Q55B_dv,Q55B_dv,TEXT,,BOTH,Q55b. Other organ meat,Q55b. Autres abats
,,CHOICE,1,,Yes,Oui
,,CHOICE,2,,No,Non
Q55B_O,Q55B_O,TEXT,,BOTH,"Q55b. Other organ meat, specify",Q55b. Autres abats
,,,TEXT,,,
Q56,Q56,TEXT,,BOTH,Q56. Goat,Q56. Chèvre
,,CHOICE,1,,Yes,Oui
,,CHOICE,2,,No,Non
Q57,Q57,TEXT,,BOTH,Q57. Lamb,Q57. Agneau
,,CHOICE,1,,Yes,Oui
,,CHOICE,2,,No,Non
Q58,Q58,TEXT,,BOTH,Q58. Horse,Q58. Cheval
,,CHOICE,1,,Yes,Oui
,,CHOICE,2,,No,Non
Q59,Q59,TEXT,,BOTH,Q59. Any dried/cured meat products ,Q59. Produits de viande séchée
,,CHOICE,1,,Yes,Oui
,,CHOICE,2,,No,Non
Q60,Q60,TEXT,,BOTH,Q60. Since 1996: Deer,Q60. Dupuis 1996 : chevreuil
,,CHOICE,1,,Yes,Oui
,,CHOICE,2,,No,Non
Q61,Q61,TEXT,,BOTH,Q61. Since 1996: Elk,Q61. Dupuis 1996 : wapiti
,,CHOICE,1,,Yes,Oui
,,CHOICE,2,,No,Non
Q62,Q62,TEXT,,BOTH,Q62. Since 1996: Moose,Q62. Dupuis 1996 : orignal
,,CHOICE,1,,Yes,Oui
,,CHOICE,2,,No,Non
Q63,Q63,TEXT,,BOTH,Q63. Since 1996: Caribou,Q63. Dupuis 1996 : caribou
,,CHOICE,1,,Yes,Oui
,,CHOICE,2,,No,Non
,,TEXT,,BOTH,Q64. Consumed large game: how many times,Q64: Chassé du gros gibier : combien de fois
Q64,Q64,CHOICE,1,,Once or twice during this year,Une ou deux fois cette année là
,,CHOICE,2,,3-10 times during this year,Entre trois et dix fois cette année là
,,CHOICE,3,,About once a month during this year,Environ une fois par mois cette année là
,,CHOICE,4,,About once a week during this year,Environ une fois par semaine cette année là
,,CHOICE,5,,More than once a week during this year,Plus d’une fois par semaine cette année là
Q65,Q65,TEXT,,BOTH,Q65. Consumed large game: how much was wild,Q65. Quelle proportion de cette viande de gibier était sauvage
,,CHOICE,1,,None of the meat,Aucune viande
,,CHOICE,2,,Less than half of the meat,Moins de la moitié de la viande
,,CHOICE,3,,About half of the meat,Environ la moitié de la viande
,,CHOICE,4,,More than half of the meat,Plus de la moitié de la viande
,,CHOICE,5,,All of the meat,Toute la viande
Q66,Q66,TEXT,,BOTH,Q66. How often have you hunted large game,Q66. À quelle fréquence avez-vous chassé du gros gibier
,,CHOICE,1,,Never,Jamais
,,CHOICE,2,,About 1-10 times,Entre une et dix fois
,,CHOICE,3,,About 11-20 times,Entre 11 et 20 fois
,,CHOICE,4,,More than 20 times,Plus de 20 fois
Q67,Q67,TEXT,,BOTH,Q67. Hunted or farmed deer,Q67. Chevreuil chassé ou d’élevage
,,CHOICE,1,,Yes,Oui
,,CHOICE,2,,No,Non
Q68,Q68,TEXT,,BOTH,Q68. Other hunted meats (not including seafood),Q68. Autres viandes chassées (sauf les fruits de mer)
,,CHOICE,1,,Yes,Oui
,,CHOICE,2,,No,Non
Q68_O,Q68_O,TEXT,,BOTH,"Q68. Other hunted meats, specify","Q68. Autres viandes chassées, préciser"
,,,TEXT,,Please Specify,Veuillez préciser
Q69_dv,Q69_dv,TEXT,,BOTH,Q69. Any seafood,Q69. Fruits de mer
,,CHOICE,1,,Yes,Oui
,,CHOICE,2,,No,Non
Q69A_dv,Q69A_dv,TEXT,,TEXT,Q69a. Any fish ,Q69a. Poisson 
,,CHOICE,1,,Yes,Oui
,,CHOICE,2,,No,Non
Q69AI_dv,Q69AI_dv,TEXT,,TEXT,Q69ai. Smoked fish,Q69ai. Poisson fumé 
,,CHOICE,1,,Yes,Oui
,,CHOICE,2,,No,Non
Q69AII_dv,Q69AII_dv,TEXT,,TEXT,Q69aii. Fish eaten raw ,Q69aii. Poisson consommé cru 
,,CHOICE,1,,Yes,Oui
,,CHOICE,2,,No,Non
Q69B_dv,Q69B_dv,TEXT,,TEXT,Q69b. Any shellfish,Q69b. Mollusques
,,CHOICE,1,,Yes,Oui
,,CHOICE,2,,No,Non
Q69BI_dv,Q69BI_dv,TEXT,,TEXT,Q69bi. Mussels,Q69bi. Moules
,,CHOICE,1,,Yes,Oui
,,CHOICE,2,,No,Non
Q69BII_dv,Q69BII_dv,TEXT,,TEXT,Q69bii. Clams,Q69bii. Palourdes
,,CHOICE,1,,Yes,Oui
,,CHOICE,2,,No,Non
Q69BIII_dv,Q69BIII_dv,TEXT,,TEXT,Q69biii. Shrimp/Prawns,Q69biii. Crevettes et écrevisses
,,CHOICE,1,,Yes,Oui
,,CHOICE,2,,No,Non
Q69BIV_dv,Q69BIV_dv,TEXT,,TEXT,Q69biv. Oysters,Q69biv. Huîtres
,,CHOICE,1,,Yes,Oui
,,CHOICE,2,,No,Non
Q69BIV_1_dv,Q69BIV_1_dv,TEXT,,TEXT,Q69biv_1. Oysters consumed raw,Q69biv_1. Huîtres consommées cru
,,CHOICE,1,,Yes,Oui
,,CHOICE,2,,No,Non
Q70_dv,Q70_dv,TEXT,,BOTH,Q70. Any eggs ,Q70. Tout type d’œufs
,,CHOICE,1,,Yes,Oui
,,CHOICE,2,,No,Non
Q70A_dv,Q70A_dv,TEXT,,BOTH,Q70a. Raw or undercooked eggs,Q70a. Œufs crus ou pas assez cuits
,,CHOICE,1,,Yes,Oui
,,CHOICE,2,,No,Non
Q71,Q71,TEXT,,BOTH,Q71. Ice cream,Q71. Crème glacée
,,CHOICE,1,,Yes,Oui
,,CHOICE,2,,No,Non
Q72,Q72,TEXT,,BOTH,Q72. Desserts containing milk or cream ,Q72. Desserts contenant du lait ou de la crème 
,,CHOICE,1,,Yes,Oui
,,CHOICE,2,,No,Non
Q73,Q73,TEXT,,BOTH,Q73. Yogurt,Q73. Yogourt
,,CHOICE,1,,Yes,Oui
,,CHOICE,2,,No,Non
Q74,Q74,TEXT,,BOTH,"Q74. Unpasteurized (raw) milk, excluding cheese","Q74. Lait non pasteurisé (cru), sauf le fromage"
,,CHOICE,1,,Yes,Oui
,,CHOICE,2,,No,Non
Q75_dv,Q75_dv,TEXT,,BOTH,Q75. Any cheese products,Q75. Tous les produits à base de fromage
,,CHOICE,1,,Yes,Oui
,,CHOICE,2,,No,Non
Q75A_dv,Q75A_dv,TEXT,,BOTH,Q75a. Gouda,Q75a. Gouda
,,CHOICE,1,,Yes,Oui
,,CHOICE,2,,No,Non
Q75B_dv,Q75B_dv,TEXT,,BOTH,Q75b. Feta cheese,Q75b. Fromage feta
,,CHOICE,1,,Yes,Oui
,,CHOICE,2,,No,Non
Q75C_dv,Q75C_dv,TEXT,,BOTH,"Q75c. Brie, camembert or other soft cheeses","Q75c. Brie, camembert ou autres fromages à pâte molle"
,,CHOICE,1,,Yes,Oui
,,CHOICE,2,,No,Non
Q75D_dv,Q75D_dv,TEXT,,BOTH,Q75d. Cheese made from goat milk,Q75d. Fromage de lait de chèvre
,,CHOICE,1,,Yes,Oui
,,CHOICE,2,,No,Non
Q75E_dv,Q75E_dv,TEXT,,BOTH,Q75e. Cheese made with unpasteurized (raw) milk,Q75e. Fromage fait de lait cru non pasteurisé
,,CHOICE,1,,Yes,Oui
,,CHOICE,2,,No,Non
Q76,Q76,TEXT,,BOTH,Q76. Non-dairy milk,Q76. Succédanés du lait
,,CHOICE,1,,Yes,Oui
,,CHOICE,2,,No,Non
Q77,Q77,TEXT,,BOTH,Q77. Other non-dairy products/substitutes,Q77. Autres produits et substituts non laitiers
,,CHOICE,1,,Yes,Oui
,,CHOICE,2,,No,Non
Q78,Q78,TEXT,,BOTH,Q78. Any wheat flour ,Q78. Farine de blé
,,CHOICE,1,,Yes,Oui
,,CHOICE,2,,No,Non
Q79,Q79,TEXT,,BOTH,Q79. Eat/taste unbaked dough/batter made with wheat flour,Q79. Manger/goûter de la pâte non cuite/pâte faite de farine de blé
,,CHOICE,1,,Yes,Oui
,,CHOICE,2,,No,Non
Q80,Q80,TEXT,,BOTH,Q80. Other flour,Q80. Autres farines
,,CHOICE,1,,Yes,Oui
,,CHOICE,2,,No,Non
Q81_dv,Q81_dv,TEXT,,BOTH,Q81. Any plant-based meat substitutes,Q81. Tout substitut de viande à base de plantes
,,CHOICE,1,,Yes,Oui
,,CHOICE,2,,No,Non
Q81A_dv,Q81A_dv,TEXT,,BOTH,Q81a. Tofu,Q81a. Tofu
,,CHOICE,1,,Yes,Oui
,,CHOICE,2,,No,Non
Q81B_dv,Q81B_dv,TEXT,,BOTH,Q81b. Other plant-based meat substitute,Q81b. Autres substituts de viande d’origine végétale
,,CHOICE,1,,Yes,Oui
,,CHOICE,2,,No,Non
Q82,Q83,TEXT,,BOTH,Q82. Hummus (excluding home-made),Q82. Houmous (sauf le houmous fait maison)
,,CHOICE,1,,Yes,Oui
,,CHOICE,2,,No,Non
Q83_dv,Q83_dv,TEXT,,BOTH,Q83. Dietary or nutritional supplement,Q83. Suppléments alimentaires ou nutritionnels
,,CHOICE,1,,Yes,Oui
,,CHOICE,2,,No,Non
Q83A_dv,Q83A_dv,TEXT,,BOTH,Q83a. Meal replacement beverage,Q83a. Boissons vendues comme substituts de repas
,,CHOICE,1,,Yes,Oui
,,CHOICE,2,,No,Non
Q83B_dv,Q83B_dv,TEXT,,BOTH,Q83b. Protein powder,Q83b. Poudre de protéine
,,CHOICE,1,,Yes,Oui
,,CHOICE,2,,No,Non
Q83C_dv,Q83C_dv,TEXT,,BOTH,Q83c. Probiotics,Q83c. Probiotiques
,,CHOICE,1,,Yes,Oui
,,CHOICE,2,,No,Non
Q84,Q84,TEXT,,BOTH,Q84. Food or drink containing cannabis,Q84. Aliments ou boissons contenant du cannabis
,,CHOICE,1,,Yes,Oui
,,CHOICE,2,,No,Non
Q85,Q85,TEXT,,BOTH,Q85. Consumed meat from a butcher shop,Q85. Consommation de viande provenant d’une boucherie
,,CHOICE,1,,Yes,Oui
,,CHOICE,2,,No,Non
Q86_dv,Q86_dv,TEXT,,BOTH,Q86. Consumed food from a farm market,Q86. Consommation d’aliments provenant d’un marché agricole
,,CHOICE,1,,Yes,Oui
,,CHOICE,2,,No,Non
Q86A_dv,Q86A_dv,TEXT,,BOTH,Q86a. Consumed produce from a farm market,Q86a. Consommation de produits provenant d’un marché agricole
,,CHOICE,1,,Yes,Oui
,,CHOICE,2,,No,Non
Q86B_dv,Q86B_dv,TEXT,,BOTH,Q86b. Consumed eggs from a farm market,Q86b. Consommation d’œufs provenant d’un marché agricole
,,CHOICE,1,,Yes,Oui
,,CHOICE,2,,No,Non
Q86C_dv,Q86C_dv,TEXT,,BOTH,Q86c. Consumed meat from a farm market,Q86c. Consommation de viande provenant d’un marché agricole
,,CHOICE,1,,Yes,Oui
,,CHOICE,2,,No,Non
Q86D_dv,Q86D_dv,TEXT,,BOTH,Q86d. Consumed cheese from a farm market,Q86d. Consommation de fromage d’un marché agricole
,,CHOICE,1,,Yes,Oui
,,CHOICE,2,,No,Non
Q87_dv,Q87_dv,TEXT,,BOTH,Q87. Consumed food from a meal kit,Q87. Consommation de nourriture provenant d’une trousse-repas préparée
,,CHOICE,1,,Yes,Oui
,,CHOICE,2,,No,Non
N1,N1,TEXT,,BOTH,N1. Locally sourced morel or other mushrooms,N1. Morilles ou d’autres champignons locaux
,,CHOICE,1,,Yes,Oui
,,CHOICE,2,,No,Non
N2,N2,TEXT,,BOTH,N2. Locally produced raw/unpasteurized honey,N2. Miel brut ou non pasteurisé produit localement
,,CHOICE,1,,Yes,Oui
,,CHOICE,2,,No,Non
N3_dv,N3_dv,TEXT,,BOTH,N3. Locally sourced meat,N3. Viande d’origine locale
,,CHOICE,1,,Yes,Oui
,,CHOICE,2,,No,Non
N4_dv,N4_dv,TEXT,,BOTH,N4. Caribou,N4. Caribou
,,CHOICE,1,,Yes,Oui
,,CHOICE,2,,No,Non
N5_dv,N5_dv,TEXT,,BOTH,N5. Geese,N5. Oie
,,CHOICE,1,,Yes,Oui
,,CHOICE,2,,No,Non
N6_dv,N6_dv,TEXT,,BOTH,N6. Duck,N6. Canard
,,CHOICE,1,,Yes,Oui
,,CHOICE,2,,No,Non
N7_dv,N7_dv,TEXT,,BOTH,N7. Muskox,N7. Bœuf musqué
,,CHOICE,1,,Yes,Oui
,,CHOICE,2,,No,Non
N8_dv,N8_dv,TEXT,,BOTH,N8. Polar bear,N8. Ours polaire
,,CHOICE,1,,Yes,Oui
,,CHOICE,2,,No,Non
N9_dv,N9_dv,TEXT,,BOTH,N9. Seal,N9. Phoque
,,CHOICE,1,,Yes,Oui
,,CHOICE,2,,No,Non
N10_dv,N10_dv,TEXT,,BOTH,N10. Walrus,N10. Morse
,,CHOICE,1,,Yes,Oui
,,CHOICE,2,,No,Non
N11_dv,N11_dv,TEXT,,BOTH,N11. Beluga,N11. Béluga
,,CHOICE,1,,Yes,Oui
,,CHOICE,2,,No,Non
N12_dv,N12_dv,TEXT,,BOTH,N12. Narwhal,N12. Narval
,,CHOICE,1,,Yes,Oui
,,CHOICE,2,,No,Non
N13_dv,N13_dv,TEXT,,BOTH,N13. Bowhead,N13. Baleine boréale
,,CHOICE,1,,Yes,Oui
,,CHOICE,2,,No,Non
N14_dv,N14_dv,TEXT,,BOTH,N14. Other whale,N14. Autre baleine
,,CHOICE,1,,Yes,Oui
,,CHOICE,2,,No,Non
N15_dv,N15_dv,TEXT,,BOTH,N15. Ptarmigan/grouse,N15. Lagopède
,,CHOICE,1,,Yes,Oui
,,CHOICE,2,,No,Non
N16_dv,N16_dv,TEXT,,BOTH,N16. Moose,N16. Orignal
,,CHOICE,1,,Yes,Oui
,,CHOICE,2,,No,Non
N17_dv,N17_dv,TEXT,,BOTH,N17. Sheep,N17. Mouton
,,CHOICE,1,,Yes,Oui
,,CHOICE,2,,No,Non
N18_dv,N18_dv,TEXT,,BOTH,N18. Bear,N18. Ours
,,CHOICE,1,,Yes,Oui
,,CHOICE,2,,No,Non
N19_dv,N19_dv,TEXT,,BOTH,N19. Bison,N19. Bison
,,CHOICE,1,,Yes,Oui
,,CHOICE,2,,No,Non
N20_dv,N20_dv,TEXT,,BOTH,N20. Elk/Deer,N20. Wapiti/cerf
,,CHOICE,1,,Yes,Oui
,,CHOICE,2,,No,Non
N21_dv,N21_dv,TEXT,,BOTH,N21. Gophers/Ground Squirrels,N21. Marmottes/spermophiles
,,CHOICE,1,,Yes,Oui
,,CHOICE,2,,No,Non
N22_dv,N22_dv,TEXT,,BOTH,N22. Beaver/Muskrat,N22. Castor/rat musqué
,,CHOICE,1,,Yes,Oui
,,CHOICE,2,,No,Non
N23_dv,N23_dv,TEXT,,BOTH,N23. Rabbit or hare,N23. Lapin ou lièvre
,,CHOICE,1,,Yes,Oui
,,CHOICE,2,,No,Non
N24_dv,N24_dv,TEXT,,BOTH,N24. Goat,N24. Chèvre
,,CHOICE,1,,Yes,Oui
,,CHOICE,2,,No,Non
N25_dv,N25_dv,TEXT,,BOTH,N25. Porcupine,N25. Porc-épic
,,CHOICE,1,,Yes,Oui
,,CHOICE,2,,No,Non
N26_dv,N26_dv,TEXT,,BOTH,N26. Traditional dried meat from land animals,N26. Viande séchée traditionnelle provenant d’animaux terrestres
,,CHOICE,1,,Yes,Oui
,,CHOICE,2,,No,Non
N27_dv,N27_dv,TEXT,,BOTH,N27.Traditional dried meat from marine animals,N27. Viande séchée traditionnelle provenant d’animaux marins
,,CHOICE,1,,Yes,Oui
,,CHOICE,2,,No,Non
N28_dv,N28_dv,TEXT,,BOTH,N28. Locally sourced seafood,N28. Produits de la mer (poissons ou crustacés) d’origine locale
,,CHOICE,1,,Yes,Oui
,,CHOICE,2,,No,Non
N29_dv,N29_dv,TEXT,,BOTH,N29. Arctic Char,N29. Omble chevalier
,,CHOICE,1,,Yes,Oui
,,CHOICE,2,,No,Non
N30_dv,N30_dv,TEXT,,BOTH,N30. Whitefish,N30. Grand corégone
,,CHOICE,1,,Yes,Oui
,,CHOICE,2,,No,Non
N31_dv,N31_dv,TEXT,,BOTH,N31. Trout,N31. Truite
,,CHOICE,1,,Yes,Oui
,,CHOICE,2,,No,Non
N32_dv,N32_dv,TEXT,,BOTH,N32. Herring,N32. Hareng
,,CHOICE,1,,Yes,Oui
,,CHOICE,2,,No,Non
N33_dv,N33_dv,TEXT,,BOTH,N33. Inconnu,N33. Inconnu
,,CHOICE,1,,Yes,Oui
,,CHOICE,2,,No,Non
N34_dv,N34_dv,TEXT,,BOTH,N34. Salmon,N34. Saumon
,,CHOICE,1,,Yes,Oui
,,CHOICE,2,,No,Non
N35_dv,N35_dv,TEXT,,BOTH,N35. Cod/Burbot,N35. Morue/lote
,,CHOICE,1,,Yes,Oui
,,CHOICE,2,,No,Non
N36_dv,N36_dv,TEXT,,BOTH,N36. Seaweed,N36. Algues marines
,,CHOICE,1,,Yes,Oui
,,CHOICE,2,,No,Non
N37_dv,N37_dv,TEXT,,BOTH,N37. Pike,N37. Brochet
,,CHOICE,1,,Yes,Oui
,,CHOICE,2,,No,Non
N38_dv,N38_dv,TEXT,,BOTH,N38. Arctic Grayling,N38. Ombre arctique
,,CHOICE,1,,Yes,Oui
,,CHOICE,2,,No,Non
N39_dv,N39_dv,TEXT,,BOTH,N39. North: shellfish ,N39. Mollusques et crustacés
,,CHOICE,1,,Yes,Oui
,,CHOICE,2,,No,Non
N40_dv,N40_dv,TEXT,,BOTH,N40. Traditional dry fish ,N40. Poisson séché traditionnel
,,CHOICE,1,,Yes,Oui
,,CHOICE,2,,No,Non
N41_dv,N41_dv,TEXT,,BOTH,N41. Locally sourced eggs,N41. Œufs d’origine locale
,,CHOICE,1,,Yes,Oui
,,CHOICE,2,,No,Non
N42_dv,N42_dv,TEXT,,BOTH,N42. Duck eggs,N42. Œufs de canard
,,CHOICE,1,,Yes,Oui
,,CHOICE,2,,No,Non
N43_dv,N43_dv,TEXT,,BOTH,N43. Geese eggs,N43. Œufs d’oie
,,CHOICE,1,,Yes,Oui
,,CHOICE,2,,No,Non
N44_dv,N44_dv,TEXT,,BOTH,N44. Other wild eggs,N44. Autres œufs sauvages
,,CHOICE,1,,Yes,Oui
,,CHOICE,2,,No,Non
Q88,Q89,TEXT,,BOTH,Q88. Water supplied to main residence,Q88. Type d’eau potable fournie à la résidence
,,CHOICE,1,,Municipal/city water,Eau de la municipalité ou de la ville
,,CHOICE,2,,Private well,Puits privé
,,CHOICE,3,,Trucked-in water,Eau approvisionnée par des camions-citernes
,,CHOICE,4,,Cistern,Citerne
,,CHOICE,5,,Other water source,Préciser : Autres sources d’eau potable fournie à la résidence
O_Q88,O_Q89,TEXT,,BOTH,"Other water supplied to main residence, specify",
,,,TEXT,,,
Q89,Q89,TEXT,,BOTH,Q89. Drank water supplied to residence,Q89. Consommation de l’eau potable fournie à la résidence
,,CHOICE,1,,Yes,Oui
,,CHOICE,2,,No,Non
Q90_C1,Q90_C1,CHOICE,,,Water consumed: municipal/city,Consommation d’eau : municipale/ville
,,,1,,Selected,Sélectionné
,,,0,,Not Selected,Non sélectionné
Q90_C2,Q90_C2,CHOICE,,,Water consumed: private well,Consommation d’eau : puits privé
,,,1,,Selected,Sélectionné
,,,0,,Not Selected,Non sélectionné
Q90_C3,Q90_C3,CHOICE,,,Water consumed: trucked-in water,Consommation d’eau : eau approvisionnée par des camions-citernes
,,,1,,Selected,Sélectionné
,,,0,,Not Selected,Non sélectionné
Q90_C4,Q90_C4,CHOICE,,,Water consumed: store-bought bottled water,Consommation d’eau : eau embouteillée achetée en magasin
,,,1,,Selected,Sélectionné
,,,0,,Not Selected,Non sélectionné
Q90_C5,Q90_C5,CHOICE,,,Water consumed: cistern,Consommation d’eau : citerne
,,,1,,Selected,Sélectionné
,,,0,,Not Selected,Non sélectionné
Q90_C6,Q90_C6,CHOICE,,,"Water consumed: untreated lake, spring or river water","Consommation d’eau : eau de lac, de source ou de rivière non traitée"
,,,1,,Selected,Sélectionné
,,,0,,Not Selected,Non sélectionné
Q90_C7,Q90_C7,CHOICE,,,"Water consumed: other source, specify",Consommation d’eau : autre source d’eau
,,,1,,Selected,Sélectionné
,,,0,,Not Selected,Non sélectionné
Q90_C8,Q90_C8,CHOICE,,,Water consumed: unsure/prefer not to answer,Je ne sais pas/Je préfère ne pas répondre
,,,1,,Selected,Sélectionné
,,,0,,Not Selected,Non sélectionné
O_Q90_C7,O_Q90_C8,TEXT,,BOTH,"Water consumed: other source, specify",Préciser : Consommation d’eau : autre source d’eau
,,,TEXT,,,
Q91,Q91,TEXT,,BOTH,Q91. Swam in natural water,Q91. Nage dans de l’eau naturelle
,,CHOICE,1,,Yes,Oui
,,CHOICE,2,,No,Non
Q92,Q92,TEXT,,BOTH,Q92.Companion animals in the home,Q92. Animaux de compagnie à la maison 
,,CHOICE,1,,Yes,Oui
,,CHOICE,2,,No,Non
Q93_dv,Q93_dv,TEXT,,BOTH,Q93. Touch or handle any companion animals,Q93.Contact avec des animaux de compagnie ou manipulation 
,,CHOICE,1,,Yes,Oui
,,CHOICE,2,,No,Non
Q94,Q95,TEXT,,BOTH,Q94. Handle any pet waste or cleaned pet enclosure,Q94. Manipulation d’excréments d’animaux de compagnie ou nettoyage de l’enclos pour animaux
,,CHOICE,1,,Yes,Oui
,,CHOICE,2,,No,Non
Q95_dv,Q95_dv,TEXT,,BOTH,Q95. Contact with pet with diarrhea,Q95. Contact avec un animal de compagnie souffrant de diarrhée
,,CHOICE,1,,Yes,Oui
,,CHOICE,2,,No,Non
Q96_dv,Q96_dv,TEXT,,BOTH,Q96. Dog,Q96. Chiens
,,CHOICE,1,,Yes,Oui
,,CHOICE,2,,No,Non
Q97_dv,Q97_dv,TEXT,,BOTH,Q97. Cat,Q97. Chats
,,CHOICE,1,,Yes,Oui
,,CHOICE,2,,No,Non
Q98_dv,Q98_dv,TEXT,,BOTH,Q98. Reptile or amphibian,Q98. Reptiles ou amphibiens
,,CHOICE,1,,Yes,Oui
,,CHOICE,2,,No,Non
Q99_dv,Q99_dv,TEXT,,BOTH,Q99. Rodent,Q99. Rongeurs
,,CHOICE,1,,Yes,Oui
,,CHOICE,2,,No,Non
Q100_dv,Q100_dv,TEXT,,BOTH,Q100. Rabbit,Q100. Lapins
,,CHOICE,1,,Yes,Oui
,,CHOICE,2,,No,Non
Q101_dv,Q101_dv,TEXT,,BOTH,Q101. Hedgehog,Q101. Hérissons
,,CHOICE,1,,Yes,Oui
,,CHOICE,2,,No,Non
Q102_dv,Q102_dv,TEXT,,BOTH,Q102. Bird ,Q102. Oiseaux
,,CHOICE,1,,Yes,Oui
,,CHOICE,2,,No,Non
Q103A_dv,Q103A_dv,TEXT,,BOTH,Q103a. Handle pet food/treats,Q103a. Manipulation d’aliments et de gâteries pour animaux de compagnie
,,CHOICE,1,,Yes,Oui
,,CHOICE,2,,No,Non
Q103_dv,Q103_dv,TEXT,,BOTH,Q103. Dry pet food,Q103. Aliments secs pour animaux de compagnie
,,CHOICE,1,,Yes,Oui
,,CHOICE,2,,No,Non
Q104_dv,Q104_dv,TEXT,,BOTH,Q104. Raw pet food,Q104. Aliments crus pour animaux de compagnie
,,CHOICE,1,,Yes,Oui
,,CHOICE,2,,No,Non
Q105_dv,Q105_dv,TEXT,,BOTH,Q105. Raw treats derived from animal parts ,Q105. Produits crus dérivés de parties d’animaux
,,CHOICE,1,,Yes,Oui
,,CHOICE,2,,No,Non
Q106_dv,Q106_dv,TEXT,,BOTH,Q106. Processed animal treats,Q106. Friandises transformées pour animaux
,,CHOICE,1,,Yes,Oui
,,CHOICE,2,,No,Non
Q107_dv,Q107_dv,TEXT,,BOTH,Q107. Feeder rodents,Q107. Rongeurs servant à nourrir des reptiles
,,CHOICE,1,,Yes,Oui
,,CHOICE,2,,No,Non
Q108_dv,Q108_dv,TEXT,,BOTH,Q108. Contact with any farm animals,Q108. Manipulé des animaux de la ferme / du bétail ou leurs déchets
,,CHOICE,1,,Yes,Oui
,,CHOICE,2,,No,Non
Q109_dv,Q109_dv,TEXT,,BOTH,Q109. Cattle,Q109. Bovins
,,CHOICE,1,,Yes,Oui
,,CHOICE,2,,No,Non
Q110_dv,Q110_dv,TEXT,,BOTH,Q110. Poultry,Q110. Volaille
,,CHOICE,1,,Yes,Oui
,,CHOICE,2,,No,Non
Q111_dv,Q111_dv,TEXT,,BOTH,Q111. Pig,Q111. Cochon
,,CHOICE,1,,Yes,Oui
,,CHOICE,2,,No,Non
Q112_dv,Q112_dv,TEXT,,BOTH,Q112. Sheep or goat,Q112. Moutons ou chèvres
,,CHOICE,1,,Yes,Oui
,,CHOICE,2,,No,Non
Q113,Q113,TEXT,,BOTH,Q113. Live on a farm or country property,Q113. Vivre sur une ferme ou une propriété de campagne
,,CHOICE,1,,Yes,Oui
,,CHOICE,2,,No,Non
Q114,Q114,TEXT,,BOTH,"Q114. Visit or work on farm, petting zoo or fair","Q114. Visite ou travail à la ferme, au zoo pour enfants ou à la foire"
,,CHOICE,1,,Yes,Oui
,,CHOICE,2,,No,Non
Ethnicity,Ethnicite,TEXT,,BOTH,Ethnicity of respondent,Groupe racial ou ethnique
,,CHOICE,1,,Black,Noir
,,CHOICE,2,,East/Southeast Asian ,Est-Asiatique/Asiatique du Sud-Est 
,,CHOICE,3,,Indigenous ,Autochtone
,,CHOICE,4,,Latino ,Latino
,,CHOICE,5,,Middle Eastern ,Moyen-Oriental
,,CHOICE,6,,South Asian ,Asiatique du Sud 
,,CHOICE,7,,White ,Blanc
,,CHOICE,8,,Other,Autre groupe
,,CHOICE,9,,More than one ethnicity,Plus d'une groupe racial ou ethnique
Education,Education,TEXT,,BOTH,Q164. Highest level of education,Q164. Niveau de scolarité
,,CHOICE,1,,Less than high school diploma or its equivalent,Niveau inférieur à un diplôme d’études secondaires ou à son équivalent
,,CHOICE,2,,High school diploma or a high school equivalency,Diplôme d’études secondaires ou une attestation d’équivalence
,,CHOICE,3,,Registered apprenticeship or other Trade Certificate or Diploma,Apprentissage inscrit ou diplôme ou certificat d’une école de métiers
,,CHOICE,4,,"College, CEGEP or other non-university certificate or diploma","Certificat ou diplôme d’un collège, d’un cégep ou d’un autre établissement non universitaire (autre qu’un certificat ou un diplôme d’une école de métiers)"
,,CHOICE,5,,"University certificate, diploma or degree","Certificat, diplôme ou grade universitaire"
Income,Revenu,TEXT,,BOTH,Q165. Household income,Q165. Revenu du ménage
,,CHOICE,1,,"Less than $40,000",Moins de 40?000 $
,,CHOICE,2,,"$40,000 or more, but under $80,000","40?000 $ ou plus, mais moins de 80?000 $"
,,CHOICE,3,,"$80,000 or more, but under $120,000","80?000 $ ou plus, mais moins de 120?000 $"
,,CHOICE,4,,"$120,000 or more",120?000 $ et plus
PROXY,Procuration,,,BOTH,Proxy ,Procuration
,,,1,,Proxy ,
Rural_dv,Rural_dv,,,BOTH,Rural ,Rural
,,,1,,Rural,Résident d’une zone rurale
,,,2,,Non-rural,Résident d’une zone non rurale
proj_weight_non_traveller_dv,Proj_weight_non_traveller_dv,NUMERIC,proj_weight,BOTH,Calculated Weight for the Records that did not travel outside of the province in the past 7 days (and therefore got to the Food section) Projected up to the Canadian Population,
Language,Langue,,,BOTH,Language,Langue
,,,1,,English,anglais
,,,2,,French,français
,,,3,,Inuktitut,Inuktitut
DEMO6B_dv,DEMO6B_dv,NUMERIC: Integer,,BOTH,Number of people in the household,Nombre de personnes dans le ménage
,,,1,,1,1
,,,2,,2,2
,,,3,,3,3
,,,4,,4,4
,,,5,,5,5
,,,6,,6 or more,6 ou plus
Gender_dv,Genre_dv,TEXT,,BOTH,Gender of respondent,Genre du répondant
,,CHOICE,1,,Male,Homme
,,CHOICE,2,,Female,Femme
,,CHOICE,3,,Transgender/another gender/prefer not to answer,Autre genre ou préfère ne pas répondre
Age_grp_dv,group_age_dv,,,BOTH,Age category of respondent,Catégorie d'âge du répondant
,,,1,,0-4,0-4
,,,2,,09-May,09-May
,,,3,,14-Oct,14-Oct
,,,4,,15-24 ,15-24
,,,5,,25-34 ,25-34
,,,6,,35-44 ,35-44
,,,7,,45-54,45-54
,,,8,,55-64 ,55-64
,,,9,,65-74,65-74
,,,10,,75+,75+
TYPE_dv,TYPE_dv,,,BOTH,Completion Method,Méthode d'achèvement
,,,1,,Online,En ligne
,,,2,,Telephone,Téléphone
METHOD_dv,Methode_dv,,,BOTH,Mode of Contact,Mode de Contact
,,,1,,Mail,Courriel
,,,2,,Telephone,Téléphone
