variable_name,exposure_number,BC,AB,SK,MB,ON,QC,NB,NS,PE,NL,YT,NT,NU,Canada
anytom,3,76.71864430952945,74.92578113229709,67.93771113077514,69.63987605520087,77.10315175575172,78.94207943712591,70.92049880862093,70.27137958831796,62.52552981800338,68.11744508823676,80.53132840577098,73.90549552216419,47.606335540467455,76.14560415713399
tomcherry,4,48.84609947067972,44.753211684934904,35.24251979398225,35.942748925925805,44.74091506585066,53.38975339275039,34.734124543069846,35.711369229754176,31.25992747836529,34.4516731618398,56.75978709908339,42.97455328612741,30.8236231659238,46.068210070176605
fb1_tomatoesonasandwichburgerortacoatrestaurantorfastfoodestablishment,5,22,24.6,19.6,15.3,22.4,15.7,16.8,22,17.6,16.4,13.6,8.6,9.3,20.4
tomroma,6,30.6,30.3,25.8,24.1,24.9,23.8,13.5,27.5,18.2,18.3,28.8,21.1,18.9,25.7
tomhot,7,42.8,35.8,27.1,29.4,33.7,49.7,35.3,34.8,35.8,20.8,26.1,17.9,13.5,38.3
tombeef,8,12.2,14.1,11.9,16.8,15,6.7,10.2,11.6,6.8,9.4,9.9,8.6,5.9,12.2
anylg,9,84.0597951753106,83.07031514824095,76.8059692360502,76.91810464779155,84.9227580588765,83.21646345366783,77.31512198300304,78.27337277731652,81.87665353296346,78.88691186472253,88.45693083484171,80.29410887075147,54.085716339006204,83.19574463595714
iceberg,10,38.20556216239691,42.42136235560848,42.053656606976524,44.01285709318219,44.56954649287629,38.76489224279639,45.75824338250046,43.60613908466192,44.025443077768514,45.743760365122974,42.5515416457803,42.40531444241996,19.24916515176719,41.99708582635622
romaine,11,57.55227743438071,58.25668869799863,52.614341233028505,50.49674243522205,60.509917965628134,54.01055813724264,44.582753492112126,47.66604926085179,50.81140496375147,51.282142472865274,60.33111808447875,43.136595406529445,35.03863288884973,56.83296353928415
spinach,12,45.47097008129907,40.954953619923174,29.93954330895762,38.354146803923136,41.57486582617455,30.93477883597582,31.75356070149612,39.40002011645957,35.0189677018586,36.78355934176348,49.54773244787772,25.33801240821823,18.29585372257663,38.66594899255702
mesclun,13,30.878081712414968,21.83312105308149,14.99506274354792,15.644255107472121,24.624842438513983,20.477767076870386,18.066440575963373,21.844847371508184,24.951699071709506,14.970818997842509,28.56322826559559,19.740016472027424,3.67176220261446,23.165523280343848
kale,14,23.866646754921845,19.06070003143411,12.565298281691858,12.6397406142259,19.786061971336387,14.408624849467024,9.889587812695684,15.405145393777673,11.728203223187348,14.990865090027297,26.219691847715215,21.96007173586471,19.774434123153842,18.077954166523913
arugula,15,23.17335254338127,14.634639844392355,5.97855305684348,8.546930525515625,18.290912709891977,16.073634514621684,8.697157985937288,10.699861334177747,14.15901230677945,11.589588187609424,24.17247516301201,14.85647789050124,3.1354860789655934,16.712419821003092
otherlg,16,16.975829098219293,15.778732872823387,8.105649141012766,9.65646615716317,16.578034866281882,16.400773079455416,12.432132830935874,10.235914122373401,9.888850895505055,12.8189525759919,26.23652513315548,16.826121972637857,2.06382996637004,15.596318867490314
fb1_lettuceorleafygreensonasandwichburgerortacoatrestaurantorfastfoodestablishment,17,28.7,30.4,33.2,25,25.9,15,20.3,28.8,20.8,25.4,19.5,17.4,8.9,24.3
prepacklg,18,34.40933471134918,33.81180693565565,32.59202918265824,31.138562659907777,32.42866712620236,22.40834235774716,30.030907607156447,26.661699929121358,21.61287621252699,24.931502079654194,35.175428383979465,33.07041794998234,21.0117694677845,30.180028604069527
prepacksalad,19,27.99190815942396,27.942923927645836,30.665326470883265,27.443395594724468,25.058744833495293,19.344126832145303,21.650863376919414,24.794884852608316,27.95425084341761,28.488381976771127,30.13608362150922,29.554277385622875,11.466559581478721,24.72174643192318
rtegreensal,20,17.75423552204272,18.44765890859183,17.134221599350063,19.985575168373508,19.040973452521033,16.13342919212,18.61542624254316,18.018504298342933,20.14740115426394,21.976128056095362,18.12799391724386,20.26919541013256,7.83118015028959,18.10661684046087
cabbage,21,41.67510590148999,40.21413969356025,36.47185398363403,34.32951863387482,37.06004971565021,37.85192071516133,36.18644417194128,32.33566007478711,35.321377972811085,37.69748374186112,39.67453551658471,31.044375249577776,15.854959646921142,37.94597640436727
coleslaw,22,19.839561790824824,18.630919378497,17.82867584853735,19.62302577837472,18.48589590071313,26.508652157032977,20.389100452067847,18.453155571339668,18.685229090932342,20.433548704664233,20.33864705515313,14.280688736447505,5.0024401861777905,20.629029068927395
sprout,23,16.580156366978922,15.348329255415457,14.68575339708881,11.721230140855152,13.842833289781414,10.530662341766545,12.22179231285097,15.385132069215748,9.723263051739014,11.531637021379176,14.141919182469753,9.241507951199527,9.658893384740272,13.523862801536342
alfalfa,24,7.244103279925343,5.2236547174159105,3.9492593984198674,4.2235154434200775,5.953407568542845,5.684845084019904,5.769152929155051,7.5031300289279494,3.678563756003153,5.144507841579604,6.508214468009959,2.4944716500164112,3.3445006846650664,5.869180917738779
beansprouts,25,4.249981943541109,3.3800652978905985,1.294931453553197,2.400042536929632,2.5717999451831073,2.734531469591289,1.9242344445558144,3.308778861112028,0.5003498773551907,2.1140120402014064,5.521641495909796,2.703428956561034,3.6352888387819853,2.8808475887761067
microgreen,26,7.030956639296759,7.854673284564965,6.7325817958101135,4.40748198789132,5.097399472953638,3.366369344715208,4.545859428307018,6.975815976127446,4.467527653491148,7.436027234213123,4.089553432288931,3.764754515760191,3.083801821351871,5.370927894623587
osprout,27,3.748707798540516,1.669235362765508,1.6571974669832112,2.1444723855782857,3.1862918056291947,3.252335882355531,2.486755073752997,2.6510395561050615,0.459951275616215,2.2177428488722764,2.3560884775981323,3.056596690833669,0,2.9599291988686867
cucumber,28,74.41811830387633,72.48998264673189,72.22812872157209,66.39282853645165,70.94348596242992,77.60044733002889,64.93794928430967,62.40322814790383,57.58156327939592,32.32384243689966,74.75368198286877,67.87491745848557,64.71851902411323,72.05064727089497
bpeppers,29,66.22318543400338,63.37108683641283,58.49761366177919,61.40759149485538,65.11559493420063,70.13223370259429,58.68333736397384,60.787013465566005,55.13814848805156,67.52268922528908,71.76823725202198,66.93236681242716,53.6933730517238,65.6321592800316
hotpep,30,21.890885943376322,22.175314089251913,17.240908337956522,15.115764205340266,22.72669581647927,14.652002525216803,12.809404678209443,18.4439473432126,16.459504135749043,17.52522249206499,18.63793533609745,9.239957276428068,11.17406943918089,19.78305043429958
pea,31,35.2,38.2,37.6,34.7,27.7,20.2,31.7,28.2,32.4,31.6,36,39.8,23.5,28.8
snappea,32,16.999674834100155,16.584028219118178,18.479153932581234,18.731174327992697,13.331364840742138,11.485315217540414,12.097420504646824,12.456833928534284,11.396692739321468,10.165290036362833,20.899054022153233,26.137516361459706,6.357515919308122,14.049374313846949
gybeans,33,29.9,28.1,26.9,23.7,44.1,37.3,37.9,32.7,28.6,17.1,14.5,23.4,18.8,36.6
carrot,34,82.7,79.3,79.7,82.5,80,82.3,86,89.2,89.3,84.2,83.8,75.1,72.3,81.4
fb1_carrotsnotmini,35,72.4,67.6,69.2,68.7,65.4,70.5,74.3,80.3,81.5,80.8,76.2,66.9,61.2,68.9
minicar,36,30.255563616058613,33.038950073453606,33.27486212518138,32.89183251091129,35.78958398859497,36.27084530923883,27.47876381309407,31.24331545614322,26.445304569256333,24.93033306193599,30.15653356178894,41.401922421668026,23.657215001569785,34.14843875336817
mushroom,37,45.90163618239724,38.889919700501444,36.18375721330875,42.087694371512335,42.79302653587542,45.564668208753226,37.62852058525366,45.723323250572,35.45699860215674,36.45718501089079,44.28579326361339,36.73036809632087,21.11288994867766,43.00042242866139
onion,38,74.51833979854557,70.33585937858128,67.27020277689233,71.4172654885789,73.74259603946247,68.62359420104087,68.2923276457745,69.40233680642035,56.56248040023283,70.01004598750826,71.13452624220025,79.25783281776687,51.201347569161115,71.61171604076962
grnonion,39,46.22027941179618,40.75278019057812,35.43639328637005,37.7209459391234,39.42450668914336,44.83166307174844,32.28427636221715,32.52585884512871,27.785578527051197,38.73485667384502,43.74086326607934,42.310615200345566,32.07033375285107,41.20205165229105
redonion,40,43.73595445282713,39.142865569179875,35.050291052974316,38.76819885079494,44.17175688276837,35.9121852781464,36.076977403148135,34.59403793609717,29.437639526319327,35.461963928163534,38.8741005795592,40.462344540033484,17.78023670214741,40.44881191285113
oonion,41,51.568389890812774,48.1896375762013,45.44124467742816,48.17927172103694,50.36021827495977,39.228177141072145,46.23623892692821,48.2092330371901,37.069869089644044,47.09224362863396,49.6715352933614,51.05826059577493,33.30224045924332,47.170180400672166
yelonion,42,77.2,76.2,70.6,72.2,70.6,74.9,76.8,75.7,73.3,76.8,75,69.3,65.8,73.5
celery,43,43.5,50.3,53.7,48.6,45.2,55,37.3,37.3,37.5,32,59.1,48.5,41,47.6
broccoli,44,58,51.2,48.1,50,57.6,56,50.5,49.8,52.7,51.6,64.7,53.2,47.2,55.5
cauliflo,45,36.8,32,36.9,33.3,33.3,33.2,20.1,18.7,31,37.2,38.2,27.2,25.2,33
leek,46,8.4,5.7,6.1,3.7,7.6,16.6,5.3,2.5,7.9,3.6,9.6,4.8,5.3,9.2
garlic,47,63,42.6,40.6,47,51.6,45.3,31.8,41.9,32.5,25.6,64,40.9,23.2,48.9
zucchini,48,26.6,19.6,12.1,15.9,22.8,21,6.9,14.6,7.1,7.5,20.9,18,6.9,21.1
vegjuice,49,15,11.9,13.7,14.9,14.5,31,17,14.3,11.6,11.2,12.4,9.9,15,18.2
vegez,50,41.9,49.8,55.4,46.8,40.5,23.9,40.3,47.3,51.8,40.4,50.1,55.1,53.6,38.7
herbsspices,51,0.0,0.0,0.0,0.0,0.0,0.0,0.0,0.0,0.0,0.0,0.0,0.0,0.0,0.0
anyfreshherbs,52,52.9,46.8,37.6,41,52,50.5,32.9,36.1,25.6,29,46.6,55.2,45,49.1
basil,53,23.284223625476276,19.24228472733576,14.959354257090762,16.906730303227935,24.745970220254325,29.00257794447574,14.293314592929601,15.146662837033773,8.447131540495539,12.840650160645826,22.626152791756855,21.00979833449958,9.441929244146085,23.578173681887733
tbasil,54,8.7,8.3,4.6,4.7,10.8,10.3,5,4,3.4,4.4,7.8,4.7,2.3,9.2
cilantro,55,30.11235869826126,25.45520223116388,15.62670460015338,19.183357445098853,26.62923591866033,21.164854799616172,13.15207044235936,15.557272548388246,10.602092484224123,13.275415427870183,30.0386546897653,21.30980755932631,31.44642624614699,24.255438583312134
parsley,56,26.6488228503283,21.903331464983143,14.608570992679512,16.805669674279613,26.13949664223717,29.884392549348537,20.45653030683675,16.92407826310155,15.26698902143979,13.67576851248518,24.754244897084277,23.818727432976207,15.37998746049821,25.291169509999683
ofherb,57,22.47052630148153,20.036701555542223,18.12927533319025,17.608264624899185,20.792929429894265,20.557505873167933,10.07353861247295,13.9794923201784,10.456190122673723,9.889168392668749,21.513674979258496,19.685709408540802,23.14634736193004,20.074077881773686
tarragon,58,2.2,1.4,1.3,1.7,3.6,4.4,1.1,4.8,1.2,2.3,1.8,2.2,1.5,3.2
fb1_anyspices,59,91.5,92.8,93.2,90.2,88.9,92.4,86.9,91,91.6,86.3,94.4,90.2,73.2,90.7
Q34_A,60,85.3,85.6,89.8,86.6,82.4,87.8,80,87.1,85.4,78.1,87.6,85.4,64.6,84.8
Q34_B,61,27,20.4,12.5,11.8,16.2,15.5,11.9,18.9,14.5,12.9,16.4,17.3,14.2,17.6
Q34_C,62,28.3,20,22.7,21.8,23.4,19.4,14.7,19.7,17.4,13.7,17.2,19.1,14.3,22.2
Q34_D,63,23.3,11.4,10.6,8.7,16.5,14.2,9.2,14.4,7.4,8.4,9.9,12.1,8.2,15.4
Q34_E,64,55.7,46.4,45.4,42.8,48.8,48.7,40.4,50.7,38,38.8,42.7,46.6,37.7,48.8
storeboughtpreparedsalads,65,0.0,0.0,0.0,0.0,0.0,0.0,0.0,0.0,0.0,0.0,0.0,0.0,0.0,0.0
csalad,66,14.3,14.4,17.2,15,15.7,11.6,13.7,15.8,15.5,20.5,14,16.2,15.6,14.5
psaladstor,67,2.8,1.9,5.8,2.7,3.2,1.1,2.3,1.8,3.4,5.9,1.9,3.1,3.9,2.6
pastasal,68,0.8,1.1,2,1,2.1,1.9,1.9,1.7,0.7,8,0.5,1.2,3.5,1.8
fruitsal,69,2.9,2.6,3,2.9,3.6,2.3,3.4,3,6.2,5.5,1,5.4,4.6,3.1
salsa,70,25.6,24,19.8,30.7,21.9,16,23,26.8,22.2,22.9,28.8,24.7,24.1,21.7
mango,72,26.6227234212923,23.811345538891107,20.571461071576792,19.41903813672156,26.124024185462197,29.299725049661113,15.458184320738944,16.8210510109699,16.99902644654272,15.975932870718207,27.387785095483743,15.808682287842272,28.147909495088243,25.582428825913407
mangof,73,17.27215927969344,15.503130664826465,14.515858151236365,13.234318212885585,19.08121584790996,21.969848302126685,8.68644528850801,10.621069743677884,11.579089264082096,7.542130536956824,11.869136769283873,8.171440100291804,15.613384798353506,18.084688962362726
mangoz,74,8.38220158662526,7.53814363839518,6.108405214815579,5.3977646258738865,7.623147196993953,8.300135200720495,4.479136847011063,5.962226092925875,4.617955382376124,8.420384297279956,15.541382822658539,6.553530730898387,17.63330958867775,7.6497186372869
mangod,75,5.073919347608424,6.0202088639580635,2.2625730598453946,4.686450092119698,3.4521125522563576,3.1563158888737126,4.140782192601411,3.959656897822914,2.2405768515473388,2.944066485418656,8.460754613920832,2.6313610635107825,2.621602335055228,3.930686451425954
papaya,76,3.1715652233022307,3.859464701240325,2.7054926772452546,2.4543246717286076,5.627349096691662,2.6776720940354957,1.0653437228879528,2.064348184101844,2.364855056751369,1.4970549741172547,0.9536475379772245,0.7789974376913683,5.258940650003492,3.931437710623995
papayaf,77,2.7827424434278747,2.9103627904929685,1.3851154186732868,1.688520952417924,4.511183277911978,2.3376124170646695,0.42052184004845816,0.9793426164699184,1.4745136029992973,0.7770687986826319,0.4043223280990054,0.7789974376913683,5.258940650003492,3.1364631901380844
papayaz,78,0.26829879005723256,0.3625807343311435,0.8986882723020488,0.15025415036531906,0.35416821406644416,0.44669973004200086,0.22091416102492162,0.024871415517635796,0.08289615161299732,0.7044478954346028,0,0,0,0.365296521446444
papayad,79,0.11972909380306085,0.15237191193636695,0.1424107750177034,0.24030601321940065,0.21073469371311718,0.3344093584232811,0,0.04354683432319034,0.14241081280240298,0.8934866383377125,0.36738465816798765,0,3.635753256336748,0.2234790160254749
pomegra,80,7.918710039944987,6.934191491134996,4.327105803550143,4.314843217050241,8.159190917493312,6.262348951819889,4.1142458408723455,5.302046467900453,3.2725312966367097,4.783826275445922,4.493298444516993,5.743570746833853,4.817390345979788,7.050336224883616
pomegraf,81,6.779445151993843,4.920471264030394,3.546351742315802,2.322038794961515,6.014724534113798,5.156344041191064,1.7694702645876976,4.1182301348868915,2.914184482344315,3.716299158766849,3.1437789382640453,4.097017792751376,4.817390345979788,5.392459508517859
pomegraz,82,0.6575284590785798,0.5334287849510564,0.4006260846110833,0.9335731380002037,1.0279123792438656,0.5095603646686915,0.2356282705549438,0.5192824215628037,0.37677050985216115,1.6809995666387652,0.8862702718825061,0.47486788133612057,0,0.7524186824381967
avocado,83,54.79337522793731,42.30938299366557,31.101731861382483,33.29365571940019,43.88643587685017,44.659290777570085,27.195519914615033,34.74861427260685,25.04200864218358,23.891686475909083,52.575516017957725,42.697786750052316,43.48432897722424,43.646534126524344
avocadof,84,50.94744283829318,38.43955073266695,28.380787894592718,29.542752178640413,40.67740596999253,41.26295444083126,21.68868739143086,30.200533034032983,20.0524412961352,22.451026911561193,48.573892215127046,38.82509558409181,42.84429876907995,40.14944525985258
avocadoz,85,2.346602130683729,2.4626195689275923,1.827450450964973,1.3531391335830176,1.3232972836041315,1.8792718333236025,2.8380536719454432,3.8157114217506214,1.8557393007554657,0.6966721411816893,4.884514132724118,5.131013210926173,0.7382687748934152,1.8430863736725904
melon,86,34.33880429828341,41.16748617865454,41.91830195206599,35.85701312049155,41.82411874044426,42.796552708321975,32.29801883730974,34.13548821501113,32.09953391358792,37.20573596719241,34.17548236050495,40.9340249897711,43.42088592178224,40.22751041104303
cantaloup,87,15.698104657327589,21.41723261645846,22.570133623763606,16.70383637416792,23.298022278051718,27.8974374086595,13.245328144771435,16.56509545728813,9.94129961662087,20.474518122485666,17.696928385944023,29.199199466628727,35.89880692899361,22.37872634488929
cantaloupf,88,14.741456077243797,19.288485569289346,19.88006856592193,15.361715094263605,21.403466304059705,26.70106417242456,12.188225198670397,15.59988399359709,7.485089503548127,17.93442832588566,17.39280767104209,28.544225174029393,33.821794525992246,20.77712831675847
cantaloupz,89,0.4608069736558593,0.9780208138915767,1.0203102715377528,0.9199377047694947,0.6615363574352712,0.6106998668578962,0.13768290400814903,0.457333820707364,0.4748765611214979,0.6075112681507286,0,0.814794170541086,1.416633366942479,0.6606086144344935
honeydew,90,9.110069051243931,14.464267405447348,14.510937992133133,9.19119371777489,13.335612454476657,12.714298224251372,10.104607970609655,10.253435613013204,9.868247123343627,17.251460444114684,11.875012807755196,18.97701297507394,22.163294456421138,12.54245549576537
honeydewf,91,1.9930734801517758,4.957459283879872,2.240630813112788,2.079813852522844,4.256659342662506,3.9264722184547156,3.690746850914275,2.629500436527533,2.133494665285871,1.8129402835536206,3.9919212050764465,4.3213812187742375,5.769113825777251,3.726525493719715
honeydewz,92,0.05022467725323145,0.5562310587153377,0,0.27545455664934304,0.19354281712308746,0.03848467373711325,0.0470938299162781,0,1.3720361779581,0.7754676429717812,0,0,0,0.18293942818189032
watermel,93,25.099321063105997,29.051888570010625,31.060181836141272,25.397944375400865,27.78855701577881,26.316959525079366,25.274139984633354,24.39693617499046,22.393039412540674,26.5219456194241,23.46515144189009,28.504576466370384,29.499452617344286,27.05749799690661
watermelf,94,24.286654029233603,27.16320751259826,28.960780900033328,23.85291878753093,26.29896037118246,25.33496500130444,24.01697790525147,21.389770794618514,20.92589419329156,21.688340509839588,23.04172419785063,27.074559386919965,27.208025711476143,25.62721361250348
watermelz,95,0.8709520838921823,1.457620282596466,1.804098084113266,1.743920683041658,0.8880572692591789,0.8234573864726634,0.5616965802316408,1.3212933781945089,1.596974732144945,3.340055854856409,0.3929574341675444,4.123452577963695,0.7426842943564067,1.0412732736877013
peach,96,16.88258973856062,15.75373465565099,13.714987023145856,14.259499384075248,18.7906733266335,18.072987395174444,12.749430920586343,13.094333075119554,14.858035239307412,15.24056146402923,19.517751038973348,19.33777731519394,17.217466680408585,17.35530425769647
peachf,97,12.08861072139623,10.509203813409703,9.828619350934972,8.544609979072181,14.363318030445788,13.46170505667446,10.192124150894356,9.52554656064656,5.871484918526384,10.639418543915143,11.184595183038917,15.134680290835515,15.242762384107403,12.748636541772512
peachz,98,4.37578618870614,4.5245282580571144,4.5209205336267635,4.47585694026273,3.625753411086659,3.9679535221680986,2.329205954335868,3.151646634106052,2.6871304610288544,5.201015773574355,8.219752034861108,1.6820965938075951,1.5558294459415933,3.9488995705438956
nectarine,99,8.575857161111726,10.083204676274384,11.41087151050267,5.888944110809959,13.572480929303604,15.168133977994852,8.977644348041924,10.77036255492413,9.052035611781253,15.836390387982584,10.771878832610254,17.058916734971714,6.0516825919858945,12.35529383571448
nectarinef,100,8.001731360768305,9.382053025274738,9.53918773314084,5.661523904916807,11.924831548667077,14.027990536904836,7.3878686945087395,9.888127522669697,8.179664213316059,14.248004598684027,9.908575657262196,17.058916734971714,5.4890099006752475,11.150105342456213
nectarinez,101,0.3643593413246414,0.3631108055824453,0.6116116829339434,0.3496519741157016,0.4089385126223759,0.7300326967796675,0.2305674676393442,0.5457564025537645,0.17467640331653264,0.5565700597824081,0.5660492846112128,0,0,0.47618267274580844
anyberry,102,77.56964809263346,75.67124273086206,72.00969517896935,71.7100510139186,78.25597297550823,78.71555412264924,75.7937654991408,78.47171261201862,74.94319248770883,76.73174468822268,79.45132447532018,86.36314060826653,75.01209112254624,77.47825905430193
strawb,103,55.911482931275344,59.007678541110934,56.20814571270494,57.12439791509129,61.34588513303585,62.02423468409305,60.39021865550174,61.775287642575414,61.05462422435741,64.31491190909632,56.49665600654183,67.774924550272,61.91561442239464,60.22762000187056
strawbf,104,46.05177123003723,51.245689178491524,45.58644154500386,47.786117339302585,54.58858410503019,54.56082722915569,51.41839002270776,52.16978111216566,46.35549710162027,53.28648336069761,44.89810346648974,61.60390839337428,54.747013107528005,52.351333842674805
strawbz,105,18.87040990542839,20.009294141782025,18.080788353650558,17.13994242470187,16.881630796195285,17.571809782901674,17.579690422789046,18.171515572907236,20.439259830894308,19.847313459423784,26.659405937232712,19.20421974324211,21.11637487710957,17.850237885398133
strawbd,106,2.951968663134318,1.6446143731519913,2.792649329618131,0.8072802875824946,1.67692986969401,1.7979341599372498,2.156464358637507,2.701532094496602,1.5257503244980801,4.93860771749802,1.9082344775162832,6.876519251264996,0,1.9691074548278884
raspb,107,36.073240561534064,37.04521142270573,35.386237710980204,27.865049284046762,37.55158629743424,43.383809039671696,33.3358069841402,29.675983170547042,33.818441745032345,28.83058389156662,45.18116948536646,46.82440163453378,38.02175921158795,37.82123153583497
raspbf,108,27.202517632815336,28.865281563529177,27.037658658333758,21.450816150117674,31.16318677092518,36.925578214193,27.182884620467778,23.784384223901014,25.82459088576025,22.567052205264375,32.858833734881486,42.1888261626178,29.40952212186996,30.82336568078827
raspbz,109,12.687182481173023,11.95661950953845,13.870014345714921,9.220050373516903,9.492909819336365,10.284493418314332,7.786891539235394,8.963593557002463,9.326128025328476,8.631201619327825,17.432943268599544,8.394705027745864,24.39474766293685,10.48835984170801
raspbd,110,1.3194862129110707,0.6607745909211427,0.22045951684057036,0.47194643235458233,0.8776118160667108,0.45273513956510697,0.33446322530054257,0.637911113076935,0.6400196121771979,1.540756245004632,0.6081150412718043,1.7473100536462214,0,0.7710247311652106
blueb,111,55.74946329925672,47.68884727543858,46.34721484438277,41.2371623437886,54.05061093485853,49.99246036161285,55.77060093075018,52.305667898898136,54.29748107863544,48.272702704874696,52.93946220199244,63.05705760879721,54.96644474274442,51.847099656059584
bluebf,112,36.44994815529457,33.315472928409385,32.17778480089383,29.876915213278703,42.06732649703846,39.58059956102913,38.911245148400894,37.32838971415393,37.60931429062558,30.480413881657554,30.34610135684488,42.857738535084074,36.63049493063959,38.60331677008013
bluebz,113,31.48965665514402,23.08549937209686,22.778223487759412,18.0506610146219,21.174986991217594,17.158390764650452,26.89255519527315,23.748740650042993,24.85861036886847,25.291096446762808,32.99839931060524,23.01878810262189,30.600157844530134,22.139566051482255
bluebd,114,1.7413021938671231,0.8590425650336562,1.7300699160092772,2.0453972772395037,2.005135868495695,1.3842179655795133,0.6318108084288092,1.0109949473488316,1.4169480842370734,4.555808023485108,1.6393776716899158,1.1527661351505754,0.5945811966641916,1.6602490670228713
blackb,115,20.33867698547243,18.989277379919304,16.179046110085984,13.244800772681467,18.22294070026541,16.584734980437368,14.196780963101908,13.162314639407736,12.511812433694827,15.95014632808982,17.706977981105055,31.922622404438773,45.73182545700008,17.744897146789935
blackbf,116,12.810672744772845,12.106929148564786,11.020310935004305,9.628818393522849,14.31420837957941,13.214980386075625,9.59916568151765,9.392279364320833,7.447039049966056,11.784710972950819,10.086852126778938,26.805248741185483,34.278894378202956,13.065454187499032
blackbz,117,8.622678513376979,7.533837796640479,5.134830688286424,4.737979201393924,4.415524481715403,4.1253281937322654,4.581467775922917,2.992718343316051,5.158825666394841,4.659048976248696,7.948243907711258,9.878581563908897,19.143349930656512,5.314009618042627
blackbd,118,0.2575792532507288,0.13831076624818642,0.03164176276875448,0.20003684207302638,0.30795307495424185,0.20451112181444114,0.25398836204460395,0,0,0,0,0,0,0.2285471315493495
coconut,119,8.983387686618212,8.606469609961927,8.69039755164554,7.782146078938432,9.320610190027695,5.466065454060702,3.8286998752139625,9.348235870355904,8.978726168363732,6.1297931346050305,13.008222397082104,5.360508906886997,7.247635517519456,8.060601337911107
coconutf,120,2.10710485983099,3.0006576022171463,2.922953644545493,2.663028502512917,3.4114422083813536,1.5198931381499914,0.5347489411342385,2.434709275375734,1.8930645504975498,1.111937145836262,1.1819961552767853,2.381828041168806,0.7782698518898702,2.5703261877372414
coconutz,121,0.3499287838484344,1.1668673824999063,0.8927571942966591,0.8044178912617836,1.7249235827661464,0.37395690746097165,0,0.4391379705096815,1.8539483292009737,0.5467807634099318,0.6002888636750141,0.398423624607357,0,1.0073435722913469
coconutd,122,6.517553857110027,4.725059283047396,4.48097871944502,5.6935694996110096,6.007738152692956,3.757237704563824,3.205613429302229,6.45470965607341,5.87792384862741,4.655181240174191,10.402135862643355,3.1885714449639786,6.024460326415166,5.2812270127905325
apple,123,74.1,73.2,67.5,72.3,74.4,69.1,72.5,61.1,76.5,73.1,73,61.1,70.2,72.3
pear,124,25.4,24,19,23.9,23.6,25.2,19.7,17.4,25.1,26.6,18.7,15.6,24.3,23.9
apricot,125,5.4,7.8,5,3.2,3.2,5.6,1.7,2.3,1.8,8,3.7,3.3,3.3,4.6
plum,126,18.2,11.2,11,9,11.3,13.6,11,9,9.5,19.2,9.5,6.3,5.5,12.7
citrus,127,73.5,71.3,67.5,67.2,63.2,61.1,57.1,54.5,59.3,68.5,70,69.2,64.2,65
cherry,128,19.8,15.3,13.3,12.9,15.2,12.6,13,9,10.6,9.9,14.9,9.9,11.2,14.7
grape,129,56.7,46.6,47.9,48.1,51,55.9,55.9,47.1,50.2,56.3,54.6,49.3,54.8,52.3
banana,130,76.9,78.4,76.2,83.1,76.9,74.8,80,70.1,82.9,81.3,76.4,71.1,76.3,76.7
pineapple,131,27.2,35,28.2,28,29.6,30.5,28.2,26.6,29.5,38.4,31.8,18.7,13.5,30
olive,132,31,23.7,13.4,16.3,27,33.8,17.4,18.3,14.1,13.9,31,14.1,7.7,27.2
kiwi,133,13.5,10.6,10,10.6,10.6,15.9,9.5,12.4,15.2,14.1,7,10.5,13.4,12.3
fruitbz,134,20.569354026193526,24.086011884148732,20.490496437345403,20.09015939539868,19.162018089893003,18.070023115154584,16.2602643075016,22.612560568968437,16.027462754932895,24.03613215989499,34.37673208815874,24.160733237999395,26.166141199029365,19.861204468734172
anyfruitz,135,35.7,30.5,25.4,27.8,21.1,18.1,26.4,24.8,30.6,28.6,47.3,41,40.5,24.2
berriesz,136,33.5,27.3,22.3,25.8,17.4,16.2,22.5,23.4,23.9,26.8,44.5,39.4,33.5,21.3
fruitz,137,13.3,14.3,9.7,8.7,8.6,6.7,8.3,5.9,9.7,6.3,15.4,18.3,22.1,9.4
dryfruit,138,42.6,34.7,28.5,31.1,35.7,25,27.5,31.9,34.3,31.5,46.6,35.5,43.6,33.2
fruitsm,139,31.71966844458745,30.109589446255665,28.526698731569024,27.664248639569845,30.243474465126223,20.816378669595984,26.385245194115626,28.9595239217936,29.74791733209204,27.47929033786778,38.61009417080016,30.471471042189897,35.72953758352798,27.966054665627603
unpjorc,140,15.952125495243058,14.304580544544335,13.777850405217023,18.578370351785566,15.883950381027306,19.389335630834115,13.89710952808457,15.522336496338854,14.644855075929087,17.263071009312956,9.535903295541551,17.31446716762372,6.650865410099542,16.497287246282095
unpjuice,141,4.3,3.4,4.5,3.3,8.8,12.6,7.4,2.4,5.5,2.5,7,7.1,5.5,7.8
nutsseeds,142,0.0,0.0,0.0,0.0,0.0,0.0,0.0,0.0,0.0,0.0,0.0,0.0,0.0,0.0
anynut,143,77.69199796810497,74.66831887892856,72.33821135241854,66.83378397258649,74.9393832620369,72.81417228975417,70.47954463544448,71.6950156858724,64.15177355408191,67.8883223864418,79.06690882529391,70.94717715356464,75.86431260923425,74.0950205861154
peanut,144,35.523529378703955,35.2664463774312,36.82077471248363,32.66194188966798,36.03360662039969,29.817022392044812,31.69471486845376,32.702386448382306,32.72393624334183,33.74468443724967,34.19102931715994,25.771166015756723,39.21240539015172,34.09224360467783
pnbutter,145,54.007408784124934,52.41518241490242,52.35340229488885,48.50173818334167,52.04709920273072,52.90178558386122,52.917050080720266,53.54786821255072,47.522501538742844,51.71545326748951,61.15260167023939,44.549684179202174,57.28880127362458,52.477100281829756
almond,146,45.653386363430016,39.10170640958563,41.20839266829614,33.54573556342383,40.20061660599778,35.98743035506465,33.13414491055196,34.93579395084853,30.42364678039229,31.040123255924897,45.384502094072054,32.01536832511847,27.83934595772338,39.132461228500134
abutter,147,8.799091620931879,5.3652437568560165,4.47081349863151,3.8913748279417395,7.415351414991875,8.521263301503108,4.884766344186996,4.94718291409953,4.160229533160306,4.993327097405978,14.007518745492813,4.484686149096093,7.181051603531685,7.240325008296441
walnut,148,27.57541906396938,23.182289216339026,19.935846018509757,15.886933441180767,26.309867848702538,21.974166600681354,17.721866230603624,19.20264127578101,17.22819997164825,16.70622645158883,26.78826635241553,23.25579846151858,13.64128921890372,23.966761769761092
hazelnut,149,13.254560653702738,8.847186799263248,9.53729913103931,6.663723090367656,10.993039841910523,9.431097782447985,7.03854415191008,9.989764326352613,7.911837040601704,10.788988332560702,11.536121999904921,5.288912724632938,5.018423370968144,10.341715599796016
hspread,150,11.774091279366187,16.507743534972796,10.779255120232868,14.863094115058258,14.41114713433327,20.92224701322003,11.567476942092284,5.66920229011862,8.18307050919098,11.850658325066131,7.562369289680006,15.67871181271476,30.144914491332877,15.383660929404117
cashew,151,36.12425298229936,30.349644013344633,31.15877549826585,25.41365946255272,32.295036549652885,31.524226630137964,25.42636266969508,29.690061418646764,22.252929030301804,24.492812711791835,33.51720009561486,33.587743422663635,36.60095190981303,31.760167946670304
cbutter,152,2.2868161041110344,1.8210972538173196,0.7491523721706235,1.6102633603196903,1.694697550608558,1.6327671747743497,1.2386088027262725,1.3519765118214806,0.5388289849003817,0.5536791774302205,1.9363152038274563,5.181726007066175,3.331915341679764,1.7065309340616734
pecan,153,21.102722282043057,16.659504748055816,15.10721075470935,13.606510803430211,17.510679305032845,16.366701600586282,13.681549786391212,13.16618418118733,9.29180066806089,12.16589447487215,24.485867033310402,20.513694059363022,9.529344745253967,17.103076673734478
onut,154,28.13366757291603,22.73316973594305,20.866679191773425,17.145072565373894,22.786995492733755,20.528085379251706,15.975800806546506,19.373119626312313,14.31275798042325,17.144378070165583,25.80462567103504,21.366762823254966,44.62379902573164,22.37972874051422
nutpaste,155,16.1,18.3,12.8,15.5,16.5,24.5,14.7,17.6,11.9,10.8,22.9,16.8,21.6,18.3
anyseed,156,61.943406064685355,50.4985357935524,48.92538019569297,48.95052905416299,51.87935927013187,52.84811703890839,45.38587725568129,47.92692218090534,44.42094015246143,42.150158562276694,58.489536814609565,39.058889133811476,52.54819805879,52.693165677594244
sunflwsd,157,26.35684170690034,17.82988434528408,18.797628551035586,19.31921742550692,18.506404012201077,17.76630465742179,19.935284468016974,14.57137025659565,18.035645845895505,13.680623681219092,27.543657370878194,13.481204388344963,10.637611062878431,19.208287360182624
ssbutter,158,6.355443303374574,4.269245838285677,2.2107791108050625,3.618589670399739,4.473851023538115,3.027314707029221,2.467373295654778,1.7262657885463804,3.6902994215386675,3.0757036068317136,4.436534610653675,3.242401650786723,2.4864214558483266,4.124703903119322
sesamesd,159,36.18137499627612,28.480315656564407,20.563710393420823,22.867541186276725,29.5489438138395,32.851924044163994,22.942112337257072,21.206328722408518,17.828350314640158,27.793117070375434,33.48207976379215,20.0372491676394,38.89123427972429,30.136332820896307
tahini,160,18.088833051213737,15.048719288151752,5.440171100610995,8.17684184230698,15.84332377416614,12.63003349609847,9.461224739704239,11.615431858294007,9.147450818609574,6.992949619414546,19.24510660897093,19.219249370195985,20.054388772702513,14.32386364210963
tahinifb1,161,7.7,6.3,2.2,3.4,7.8,6.4,6.2,4,2.3,5,11.2,7.7,5.4,6.8
chia,162,19.79250793378215,13.044323230029734,18.817121506759786,10.583758685950796,15.391386304940745,19.42544822441387,10.36685314395253,15.304520528128998,9.623348190794582,11.003390189364165,20.934274710500635,14.358654369043034,8.031631608090773,16.387050530018126
flax,163,22.126614247997885,15.425417560331315,17.83327600354075,14.460656705183197,17.071184418356754,14.857655758113722,12.003518700403486,19.280661007682752,14.852470555850372,12.644878310896626,26.161998988206776,12.821144747716017,11.421647274894246,16.86164063303703
oseed,164,25.917496265212247,20.083550714980262,14.981187277406475,17.229696481492002,20.575040149823774,17.117925113145596,20.196934784600415,21.408753504111537,18.23380246928949,14.693795817690628,31.199065287135415,16.645172332751958,12.9801941503875,20.069475028187686
anybeef,166,76.05545870987996,83.7998659846803,83.77246647558337,80.76232496868623,79.11762588729209,79.9698025434243,79.49551770582093,75.88447767970155,84.26502887561576,83.09100531863294,71.09198702633178,74.86404672841233,77.26617452890784,79.62124331131754
anygroundbeef,167,63.71492414789912,73.02605064584391,75.72015231302734,71.65041766833643,67.357246261908,69.32753314871772,74.486394211356,67.00994387036407,77.67239064637882,74.11261371365615,59.76282844445849,67.73550712744957,69.70952938265005,68.66392534566603
bgroundraw,168,2.7558014659795624,2.8171049348796102,1.7956900506570024,0.47079931374203215,1.8494919749520862,5.406353747751136,3.2277032454251655,0.2786448503438849,2.6428445733444406,1.699600973435824,0.5818910824363305,0.20060670454551585,7.687228238464004,2.8413550209751017
bground,169,36.7,47.7,47.9,50.2,41.8,51.6,39.4,34.1,39.3,43.2,29.9,43.3,42.7,44.3
hamb,170,40.98979626227076,46.134016561985206,51.286744638088756,48.407088185084326,44.98009379011677,43.36060866485777,47.57866419656071,40.77204615509198,53.97673736865983,49.85154322570804,35.40895722750847,37.55476976539464,43.18269452403803,44.54476240905359
zbeefpatties,171,14.317889708906042,16.076811515607076,20.73014974768688,15.328389505775736,18.489885882225522,6.534401188986492,16.270248696519843,11.118732574657983,13.631337684468905,25.228737290399224,10.738744806980774,18.138535666658598,18.83864517319932,14.655629024755482
hambhome,172,17.1,20.1,27.4,26.2,18.5,26.4,37.3,31.3,38.1,26.4,17.6,15.7,14.3,21.9
hambrest,173,21,22.2,24.1,17.8,14.3,11.4,18.2,21,16,16.2,11.8,7.7,7.4,16.1
rawbeef,174,2.562160143211236,6.454686983840083,3.320988388878513,2.188402607321098,4.455416684798842,4.583045099284886,4.135511219325267,3.9472349237448787,6.926439455347897,2.3046248137656007,2.558290412955787,0.4065747420547161,0,4.290741786961446
steak,175,33.167294067767045,36.47434723413279,28.996394945679217,28.767933578543403,34.32645825950086,30.740404108009113,32.71683912750797,28.110590644814877,32.69079781846383,41.10318087106242,26.8604666745686,38.642274890232386,37.80348884478204,33.113382811482225
stewingb,176,17.515526190676802,20.427486510616408,15.679463920038392,14.302676827521674,17.6810654981641,18.386300474984456,14.997905421735618,18.004694590477804,11.647751567172891,19.820309348465535,12.580401392219217,16.7622068969669,19.123070411180986,17.90651528645623
veal,177,2.04083653918759,2.0558955154702194,1.5241226480211965,2.684160364673853,6.128933455528729,12.948102199259132,0.7068013058590081,0.594738938331774,0.5347874709630883,1.2905494213301332,0.7342976002399882,1.6919015239386728,8.034264672172691,6.066935670043929
sausage_beef,178,13.558678526013928,16.0560422274803,25.13214892875088,18.001073122441113,11.069327340404717,19.579190738191784,10.618217367208642,8.789741323891759,6.709164590335822,20.151938449969002,14.066770386050587,13.49503107895618,14.466605085447545,14.702403358329686
bwhole,179,23.111916244892086,26.64521745301311,26.553561396191654,23.530117745057762,22.82027261733997,20.987428092228946,21.684536519939467,23.324196677828628,17.65351355229136,32.53222281224801,13.634789011973355,28.006206716367483,14.821998702688136,23.108021205505803
anypork,181,59.46895290790254,61.08261032954895,70.17647489333046,60.386986063710665,57.67934107760564,57.58490375437226,59.68589344875599,58.610709488331025,60.95839981620445,63.21258969931676,61.43537227104451,61.58234756771462,60.53476168341931,58.93786813632917
pground,182,17.1885821947614,13.855678476187332,17.25413476545901,13.878436026568469,14.344341155968648,17.745592177872048,10.963843698855143,11.322912529161512,9.230593114415928,11.302472572637296,8.854680183998118,11.424497037658305,27.975815464360565,15.328670988864074
sausage_pork,183,29.395014701444982,31.805689039459416,39.65273154316484,33.636530343254734,29.923043367286922,26.742036014993715,25.59804646589214,22.659775383093297,22.996264835137907,21.660211619513053,29.286405055626886,31.042467553243487,25.661616096736918,29.328093844201824
porkparts,184,41.3297743942034,41.91375243721938,46.52542235209592,41.536372451651275,40.104000502900185,42.18462865141295,45.59596743196446,43.713478928716796,42.6847945944497,51.00274616572258,41.945975119017575,38.98495616780118,31.35153615887222,41.57346345032758
rpork,185,2.8137285198830058,2.2491770240207916,2.4592288414068664,6.24423322905585,2.7650249855340485,5.705425043219236,2.2513237284324363,1.5916794981224927,1.5250545982828672,2.2345323519387965,1.4335804159061831,5.994714132306758,0.5235924045522415,3.453005568268182
ham,186,9,18.4,18.1,17.3,12.9,19.4,15.9,13.2,17.7,15.3,15.7,9.9,12.3,15
bacon,187,27.6,27.9,37.5,29.6,26.8,24.4,26.4,30,34.2,37.5,39.4,37.8,22,27.2
anychick,189,86.3055366795262,85.5343887477463,86.03523231374027,85.36424794553137,87.06347494719068,86.47987754101128,86.40066394955016,83.5494825112687,88.14480180828615,94.39421437386079,78.11805223725776,79.4335626583082,77.9763364858545,86.52779991150913
cbreaded,190,29.074875318415156,33.32143186170378,36.811431616833154,42.99793497704397,33.67611328326986,31.118593048057626,38.22545320180035,32.389980226145425,36.969900323560445,49.46060261551288,18.44640373856387,30.67310613033451,22.24733663377946,33.122380520658936
zcbreaded,191,19.57185474214593,22.664585613613465,28.171883791928614,34.255251666337784,23.199464529256588,21.651320603123562,31.982716148890937,24.651610832699937,23.875884530019594,37.051904572211406,10.142821424363213,21.441694642232445,19.69301106007714,23.222702161585424
cstuffed,192,8.078911917094374,7.45416171166591,7.604949705742592,8.450974398891853,7.40027308927883,5.787980249414759,8.627175755459126,7.353137498870474,4.239111233374085,5.423279552049142,6.7341289807911,5.62870240234469,2.105979278859794,7.142525353140927
zcstuffed,193,6.366499230244081,6.141631961394964,4.521774344774859,8.63157032506955,5.428947611073664,3.8309643726624167,8.116313088945873,2.8430442975267796,2.433972573595331,3.72001925490339,4.359580313868635,7.408397052313363,0,5.314979452144753
cground,194,7.091107070283417,6.377892811366906,5.497952996668168,4.778487985371165,9.263176676778235,6.567494913561994,9.527544031255257,6.8989201103025675,7.789890651123057,4.90283031785219,6.198666663975297,8.418789894954513,12.231116535104054,7.60952143672671
wholec,195,21.052053801554777,22.645793729271535,20.171157745724628,19.280582676371775,26.991617457595762,25.993260943321335,24.707180613677433,24.949054828089594,24.12895983871904,26.95697804158025,11.815350779392519,20.32530582514782,3.367441754103024,24.807888772805466
rawwholec,196,24.503244236621935,26.364578205386085,26.522464576690734,27.69421198582098,28.973409522646893,35.10350826203586,36.71254479951492,34.001249792033775,39.47209531303351,46.18261179515603,16.710745887017936,25.739309868881595,16.320111548778467,29.9353627857185
chickparts,197,72.56861780592342,70.70815717749055,70.21395280359769,68.36498410203258,72.90202900828795,67.85093595749976,67.32201073307836,63.327485004272646,68.02822356715231,74.4966864623875,65.26747530832321,64.88767482346603,59.577620177912394,70.78414625884746
sausage_chick,198,2.2302404478644537,5.337351430077099,2.9676396373159823,4.622952522055761,3.4587385100258015,3.851290356075295,1.6657009389791488,1.1733051893242106,3.6134272493374753,1.88228051445655,1.7741218740519926,0.19992556674168702,6.915046405885768,3.50432426294124
fb1_chickenfromarestaurantorfastfoodestablishment,199,18.8,20.1,19.8,22.8,23.8,18.9,21.4,11.9,17.6,26,20.4,12.9,7,21
anyturk,200,13.98905625027346,15.0134571013161,14.37128945978436,14.46653567627792,14.379455144542257,8.743930028288377,11.127655839624689,13.234651033500302,10.026203144639378,19.188477907834432,17.718233936645458,16.386232119174018,6.906214960943019,13.049572603160476
sausage_turk,201,4.734060365497126,5.882826799043577,2.6809500284305434,4.7221542711866595,4.840518578461064,2.555465061843031,3.7787746272732967,1.8510593885744486,1.4912836952170676,4.805359040465049,6.827108729061273,2.306008456397855,0,4.22202602415573
tground,202,2.0710830727048832,1.6359978780775946,2.077236090466731,1.4092191771624694,1.658367902540966,0.4818006155308594,0.6157883079731178,0.40558246247147345,0.3527570349253595,1.8630517515919245,0.7923333545053224,0.3924494197540876,0,1.3807863145924304
turkparts,203,5.211216704269658,5.060782915949706,8.19504373323576,6.642125664138784,5.667038607170909,3.226876159076094,5.542462422954862,7.4702735140659975,6.715266517347536,11.147151346736077,7.275589622022941,9.386067934815994,5.52108442145639,5.218427999804016
wholet,204,6.692777267193019,6.819533645491879,8.753935597205027,5.520673817109312,6.7931036680182295,4.304971443427839,5.115445490278497,8.524475059924354,3.2170987477610566,10.328259283951192,7.235291143494285,10.409343106953948,2.094104675703139,6.26838398697154
tbacon,205,0.4,1,0.7,1,0.4,0.2,0.9,0.5,0.6,5.1,0.4,0.4,0.9,0.5
poultryo,206,4.369302061516979,2.96823434851709,3.768305144729979,3.013803690801991,3.5843863895959656,5.179524567861948,1.4468041628816966,2.130525728327996,1.867374452267239,5.723887955730549,0.5401015047413142,2.164888511712725,2.3201429779206806,3.9080935781220107
deliany,208,47.05860469828279,48.30023565271531,48.492638703406044,46.95624088276805,47.59178558687994,57.62401896643744,47.03510487820675,48.27543942092034,40.99790041690372,54.55546949747207,48.94032473875487,58.65078521586633,39.48299042274267,50.01662651039944
chickdeli,209,8.343609115322572,7.122977259620724,8.725707294521335,8.310015364390887,11.35543371287135,7.197764075116758,11.986774556878045,7.5340075632837245,11.217222908421778,12.161317469080036,5.220958810557198,8.284615153626525,8.239589102730609,9.218909428908587
turkdeli,210,14.246348143559517,16.550073607227368,18.052934177601465,12.422788363558183,19.28108729760429,12.731069542104056,15.547202609468727,15.040192428924296,9.586017400644492,20.142846957800423,18.095978126981237,24.373870433219203,12.17324187091252,16.27064242086661
hamdeli,211,33.85221333731236,35.32256512828884,37.53103742872231,29.962471846131834,31.8118953134216,46.52590903183661,33.894156932499236,32.9714145497809,29.93042799548696,39.29999558535886,33.21119251798568,37.10989911188183,27.520334689419673,36.20004893763722
beefdeli,212,9.89451131085725,10.34945770424443,10.491765605407098,12.42917202985904,11.189593362846985,10.170744101574892,13.399296992216705,12.30549171680001,9.791802447516112,14.134671614461311,7.001708389778212,18.658126304359115,4.583802061217155,10.815361873913847
odeli,213,10.663605280065296,9.972554402606848,13.604561472569959,10.028834778151102,12.751592962161148,12.958754525005475,9.761737077316154,12.900151483681977,5.975471530331603,12.024711332727483,13.126712432138469,8.717701812695699,9.964217331731614,12.01987947557913
hotdog,215,25.24167166402389,30.300444544245835,38.52911577503193,37.3407350920018,26.800763918601607,31.012302076213512,32.10427347548095,25.962117895443015,28.482206924441204,35.71704944968078,25.912642205390352,33.55898651688864,27.699045229927872,28.93530632897503
pate,216,4.65999832372208,2.4573635321137397,2.572486992829388,3.437702129919642,3.779725253317402,22.665503260004346,3.8555778410844574,2.294091453249549,1.2629478883240248,1.7318240121477833,4.287253814441913,5.185565688767786,9.29667460388348,8.022755778294561
organ,217,4.6646612904762055,4.074168211949435,4.548377946175619,4.337720605795213,4.213421285485416,3.701986011578711,5.366722029119252,3.869933435250565,3.37641962542561,7.416837808946919,2.478199457910015,3.1476247734817155,7.9336954469997,4.212856810465437
vliver,218,0.69957241885014,1.259169414722464,1.6005318711531853,1.140282460556597,1.617141445073297,1.747530671116311,2.033213076776006,1.0686852723012572,0.6867905021804462,0.5889281375253532,0.8823513795282449,0.9091050349004198,5.036502737806291,1.4424022700657764
rawliver,219,0.013617965038800245,0.28868573834978994,0.017538430074489696,0,0.04410647707371763,0.19258097076397246,0,0.16955532726178996,0,0,0.1790270041872681,0.33330919485095317,0,0.10246680696961175
oorgan,220,2.043768284432423,1.1251715786439287,1.7539541231945481,1.0419964792990712,1.6795270166008842,1.1168742750702911,1.356196377715001,2.677987621476111,1.1553804551466824,3.040525279103616,0.7046376276569346,1.2890421768890348,0.4882280305581694,1.5486656487812964
goat,221,1.1638253361076858,3.1250933420997025,1.5839259281221465,1.834240425415563,2.9356636428660448,0.8796519677886651,0.21676050119370702,0.6261286262275023,1.15947926841015,1.8151096223858458,0.351699262493537,0.3896988770045323,0,2.0078988688654507
lamb,222,9.378658545147971,6.318498145620692,2.506739998351491,3.5363142932799048,9.896498490555322,5.981588631206491,3.3350411671084434,4.900301469274769,3.883796460867411,4.936482291110444,3.7585497846884164,2.6944641417435355,1.8733688168469815,7.659716105393612
horse,223,0.2469856957650883,0.24938182925852456,0.3373869801352963,0.09118115453453525,0.25840619570054313,0.8880551455504315,0.12550553845943122,0.2905472619562321,0,0.10943149024897551,0.17709531709503618,0,0,0.39250028204252263
driedmeat,224,20.672395720202648,24.70836236740767,28.976229616881678,20.962459131996937,20.85350763281719,13.554366071857796,16.563437843880045,10.966810665387735,13.46967168626166,16.43831268040852,24.517398090824997,24.523004278131616,18.33196397353853,19.392451656222455
deer,225,3.2,3.4,5.6,5.2,2.3,3.9,4.2,3.9,0.1,1.3,0.0,0.0,0.0,3.2
huntedmeats,226,3.1,4.8,6.6,2.3,2.2,4.1,4.5,3.3,2.4,14.5,0.0,0.0,0.0,3.4
bologna,227,2.4,5.9,10.2,12,9.7,9.5,12,11.1,7.8,18.9,2.3,5.7,9.4,8.5
salami,228,9.4,8.4,8.3,15,12.2,11.5,14.5,10.6,11.4,13.7,16.3,9.3,6.6,11.3
pepperoni,229,7.2,7.5,6.8,13.9,8.9,12.4,10.1,13.8,16.8,13.4,12.9,13.8,11.8,9.7
kielbasa,230,2.2,2.4,3,5.8,3.8,2,0.3,2.5,0.3,0.8,2.5,0.6,1.1,2.9
sausage,231,32.6,28.6,33.9,31.1,27.6,38.4,26.8,20.7,20.3,19.2,28.7,25.8,22.4,30.8
Q90,232,1.1,6.1,0.5,1.2,4.1,2.6,5,4.9,4.9,1.8,0.1,4.9,4.5,3.4
seafood,234,63.51381950093923,51.78736065417103,48.12567641750563,45.818647116773946,58.30114731794562,66.78623875942327,58.41964913628542,57.16144254316763,53.865859370699866,56.90415533297265,56.615021984241245,57.38456367006247,68.55378229896392,59.40529998988416
anyfish,235,54.274851480082,41.03420795102312,31.11248368671649,33.97125764270684,48.95674603288984,56.165713736039244,44.97516251667032,45.029129041253626,41.79026154372899,41.498640664669935,44.15111018298333,39.01032223085659,58.203194295581994,49.007399776778655
fishsmoke,236,12.929456203920516,9.021152049300737,4.500526960567684,6.553499864591135,10.834692857553659,18.258256195136177,6.729943578134101,10.743696127825663,5.096257289563107,6.528632837699131,9.322193620419608,3.498271384160197,17.015462239984807,12.103601492811462
fishraw,237,16.816203886484452,9.682938356836553,4.869026852983771,7.416519754720626,11.789634597561246,16.34521392202307,3.9133680319558035,6.528385545503027,3.8476219455048843,6.396804640098873,9.42746312652378,10.878772409486864,14.401060599310053,12.48133886759286
shellfish,238,27.46699108674927,24.422989725377864,21.04105572467713,18.228179023639296,26.075037054558685,40.2679337172297,25.393277202892573,22.869915838737104,24.323221306796015,21.841550729339794,27.692236816498184,31.070164382201742,30.745746155620445,28.758169129629596
mussels,239,6.051697661222762,5.086659928562737,2.9483322301949872,2.8281982196593622,3.9378194192815297,4.879467191518133,4.726539524850204,5.980766779787317,10.268870889727484,4.575938918735816,4.1130225303058525,8.814059910449627,4.390246029971218,4.617715221297253
clams,240,4.971141941687637,3.0109846858185176,2.625492566588473,1.7063844099967584,2.5011361458691055,3.106329291556738,5.263636744417783,2.648021384993702,6.366579329258378,0.9890261915688788,1.2887114416093415,4.406653152270636,1.1906927708432065,3.0666385428225538
shrimp,241,24.148038239698444,23.056871303646847,18.98736112421386,16.14947593921274,23.979091164885794,36.85462991392768,18.474526717536914,14.090065775214278,8.755821252811016,17.565340055023356,24.487401643797536,28.458809754347254,28.20157680361249,25.903255814056426
oysters,242,4.519079279679447,3.565035138516274,2.8050546132440495,2.027721474116389,2.6768247004716694,4.38856453647736,2.9850582813936604,2.5719020075369063,5.4176028916494126,0.6326815946120011,2.67221507714704,4.432574851213852,4.852583208275085,3.3949704866608226
oysters_r,243,1.458799742108516,0.4794337128609003,0.06515112960123341,0.8525965020734192,1.2859231079834732,2.5566777485557672,1.660924910462808,1.024562087434306,4.022906556621951,0.18453753872181225,1.7888895989424491,0.9486201038922617,0.5220969648728522,1.4524445714142082
scallops,244,3.1,1.8,1.7,2.2,2.4,6.2,7.1,5.9,7.7,5,3.4,5.3,0.9,3.5
crab,245,4.1,2.3,1.4,3.3,2.5,3.5,1.1,2.1,1.8,2.3,3.5,0.8,0.5,2.9
lobster,246,2,2.3,0.5,0.8,2.8,1.4,6.2,8.9,9.9,3.2,0.5,3,2.2,2.4
egg,248,88.61751468484913,86.48818315897641,87.1897919333082,86.52676390702054,88.4696205073343,88.52312788713517,84.92394499563105,89.0002568927846,84.48453985944519,88.48937709069654,88.5953264230943,88.34506614018855,91.76981652855993,88.09144250534938
eggraw,249,25.82548076448922,25.59842151781761,22.944431978437148,24.279769864712144,23.58835762030133,32.177615001797285,25.169092910854324,25.627673957974096,22.179630389173244,26.423036412155295,26.97104294571507,37.47165001595253,37.80961941508768,26.279667612265413
icecream,251,58.2093239625882,60.24049545954436,59.626405616167574,54.152467995240414,57.551664793159986,52.5408382308157,57.65273189865422,55.907771628965484,69.0280795765819,63.21820023756295,55.51113638359204,48.25579484501987,51.22932994592889,56.79843427681198
milkdess,252,42.45570435559998,45.42525617922133,48.622000020058444,41.19269066382988,46.19421921941041,48.936911074184664,45.860852239080174,37.336034787250355,42.21255444500322,56.52767491398005,39.48913726319467,39.775743406496744,34.34730394722775,45.98912040702403
milkunpas,253,3.8212678144302044,3.0910982939515925,4.4192049074541,5.471031817494486,4.42467988804889,4.824362725253591,4.936377256265098,7.106213752650024,2.759524895586548,5.90200524929519,4.362765898805366,10.093912443475727,4.406098913574415,4.424625886229676
yogurt,254,66.28411384475795,65.50584363630443,64.13444148690196,60.55184671225202,66.0545131851436,71.59173035475231,64.4075822756958,63.504806364869694,63.10980325086256,68.36927597566248,72.51049427573733,65.87982181556937,67.34971543271405,66.97842791374673
milkpas,255,78.1,73.5,71.8,77.3,72,76.8,77,77.2,74.5,81,71.5,69.8,65.7,74.7
pwdmilk,256,3.1,4.6,3.6,2.7,2.6,1.4,1.3,0.8,1.4,4.7,6.7,3.2,13.3,2.6
whipcream,257,21.7,15.9,13.3,17.8,13.1,14.4,11.9,12.7,10.4,17.6,23.7,11.4,20.4,15
sourcream,258,31.1,29.9,30.3,34.5,21.8,15.9,20.1,27.5,21.4,24.8,40.3,21.6,13.8,23.4
anycheese,260,88.89021154825976,89.6041806799785,89.67103943288912,88.52358734851619,88.35599218611168,92.5142890919703,92.41544249683719,88.37621212489229,89.50371927458383,91.48043369317233,91.53016793812655,92.61221742268052,88.99905534135863,89.72848443241122
gouda,261,15.350431051377816,15.19862465326631,10.131860758780688,10.571585218198358,13.597092645506734,14.963292613336018,9.694027193245367,6.673923125338381,4.281551301688413,8.252419897810674,17.840134678421286,9.864861403669734,2.8467153878032674,13.736881619281554
feta,262,33.246743705336264,24.525552903720953,28.21033883854223,31.355065462034855,32.07009997785339,29.89213687189711,21.735462739881132,23.00000413755045,17.338382712385684,20.79502045204884,35.16344815703079,37.085477123050175,21.50427259617642,30.037830716403914
scheese,263,23.265002537029865,17.028896565560974,13.149672305354285,14.200998750153671,22.51107540182409,35.8387296776876,16.42198147699932,11.911136052154742,16.387768236045254,15.135637350789692,23.992892105900918,19.065080895268522,14.704167381177594,24.07394763890305
gcheese,264,12.32102379154203,8.35907737529955,7.044766424602243,7.69472083721444,14.014460461313194,12.965966588754968,6.609392511885669,8.369836809917254,5.402369196320065,10.727072146027723,20.24676422283219,13.219503246084152,12.173586180585641,12.085634068761088
cheeseunp,265,4.772283100857759,5.807607498576249,4.520401163876873,5.298304912773806,4.670408680137863,7.21428915611069,3.145759160740147,4.299771377691148,1.7659628488973869,6.598053100752681,7.396450394402986,12.196957830573044,0.47662056344249987,5.41784305229894
cheddar,266,75.5,76.8,72.3,75.9,69.1,74,68.6,76.3,78.3,73.3,83,67.2,58.2,72.6
mozz,267,43.4,45,43.8,52.2,45.1,54,48.6,56,48.9,51.9,47.1,44.5,45.5,47.6
parm,268,47,40,33.8,42,41.9,35,37.3,39.7,38.7,32.2,39.8,39.3,34.3,40.1
hrdcheese,269,28.9,24,20.8,20.9,22.8,32.6,21.4,13.1,21,17.8,23.8,18.1,13.7,25.5
procheese,270,27.4,34.1,44.4,41.7,33.6,42.5,46.8,39.6,30.2,44.6,18.7,29.9,38.1,36.1
bvcheese,271,8.6,3.6,2.5,2.5,5.6,6.1,2.5,7.2,0.7,2.3,4.4,4.2,2.1,5.6
fcheese,272,12.4,13.8,18.1,14.6,13.7,13.4,6.4,6.8,5.3,4.9,14.6,7.9,7,13.1
gscheese,273,6,5.6,4,3.1,11.4,9.4,5.8,5.5,5.1,2.5,11.3,6.7,6.5,8.6
nondairymilk,275,25.040545598145048,20.746146701616468,14.357413199350358,18.62430128604229,21.17588013683681,23.817385592926986,19.511332547844813,20.381153456210825,14.609211581058565,17.06226959094657,21.84836589727008,10.200991398088973,13.389197153902488,21.806472639330543
nondairyprod,276,17.045497129882907,15.10231240308805,15.88417089416883,14.424463168542163,14.569419665006619,20.224642174440188,15.028612215350428,13.288592564603388,12.793503158255087,16.72090579276081,13.385297326589779,16.16115646607343,15.193721904912048,16.3185205288127
flour,278,70.76958989172437,72.74971421549655,73.27805669227936,72.94330481542049,69.62238651437526,62.675086005203454,66.04613095873508,71.00033543081041,66.45728947038498,70.71655747184437,81.94720800673073,67.60612035966442,74.34829548627081,68.74515280445956
dough,279,13.448329110189503,12.12208557053823,10.038274887974588,12.131298548887953,12.730100132797967,23.126244089213095,14.43678409949791,18.236848221615915,12.386202629657618,12.792725122025711,17.580542089753926,20.497547426982216,24.734577861257694,15.267422562237057
oflour,280,11.457503973759653,9.367087352895252,6.6510319798643955,8.151678500199356,8.95814461851109,9.349853933278146,7.162987941269056,7.949318050299453,6.790748802254399,6.721486816288352,12.753532994711648,6.576834890065103,21.78651691939025,9.245133675360762
pbmeat,281,23.557698550683245,14.731248336384123,10.099205220669589,12.49197389306101,17.537971442975277,20.872650268007288,9.741135994047314,17.956997415767752,9.805266834288132,9.465787864468805,22.178802526391678,12.539338048148288,28.022338114919627,18.107882351231353
tofu,282,19.9268119031336,11.597482527121151,7.084603599065161,8.970540571596281,13.649426917885101,17.48899006510269,5.256432974774687,11.362671425280375,8.732301788632833,6.159540901392822,17.922823144154666,11.01942845485345,22.197186270985036,14.430708833146783
othermeatsub,283,7.112814047650414,3.742620511711451,2.7757305147817894,4.544737433475785,6.465660023289321,6.947931314401036,4.020783948797088,7.0832546705876425,4.328315599181813,4.001658073469318,8.169047537411492,3.5988089668158683,8.931326784448643,6.087424237601022
hummus,284,25.453212677696158,18.833728214314593,13.181540012217868,15.478490189312641,26.905080732153586,27.70675776636687,13.485286644410795,19.944691690756905,16.255665783895854,13.197600042384755,25.418949859492358,22.148893691596516,13.490844718221847,24.399483855398472
dietsup,285,18.447252863197797,19.513705836677442,17.07656675048181,17.58962405792195,17.81600313254099,11.450648221480234,17.212567236714374,15.47809468872372,10.112621488827722,13.524367632049824,19.431713644903297,10.526033909995638,14.493317883861792,16.412330552338965
mealrepbev,286,4.351690282226144,4.836281535357209,3.3296408559657014,2.931907001885255,4.209511710163729,3.6632552051719993,5.0395696716872065,5.311696451714565,3.563503425725498,4.2035834451317635,6.167869240498561,3.325608750945752,2.9843366223310563,4.145065637637559
protpowder,287,13.871925066876333,13.51116348061332,12.023046859292808,13.483594767043904,12.66267491055619,7.44042473838847,11.075052104965541,9.559097240152184,6.4944575373291125,8.500180881771758,14.941040888865059,7.278695493820053,8.148472974776952,11.509776632766409
probiotics,288,5.7859035519407005,5.777972826635678,3.6861668554115954,3.2699139962718573,4.784898816692976,1.95766155113002,2.6992032128931926,5.082976030615498,3.4630362209032866,3.8746855182147684,5.177661324493328,3.0013806766979756,1.5765520393498524,4.2256521816791235
cannabis,289,7.629543668211265,6.595751057129373,5.05399365834799,9.00423845177148,7.1007378654191875,2.5643421079616284,6.432451938631768,6.662630414367378,7.676834590052913,6.482411772397542,6.799339417344685,3.5834019755510997,6.393695062533017,6.026764460358872
pizza,290,17.9,17.5,25.9,20.2,21.8,18.6,22.4,18.8,30.6,21.8,19.4,25.9,33.9,20.1
potpie,291,3.2,2.4,2.7,3.8,3.9,3.9,6.1,4.6,5.7,1.6,4,3.4,7.6,3.6
frozenm,292,9.6,9,9.3,8.8,9.3,11.1,14.4,8.1,8.9,13.9,6.3,8.9,15,9.9
frozens,293,5.2,6.4,3.9,6,7.8,3.8,5,7,11.8,7,12.8,4.1,6.6,6.1
granola,294,41,43.3,32.9,36.1,36.3,34.4,40.8,37.4,46.4,50.9,34.7,44.9,39.7,37.5
chips,295,59.4,54.5,58.1,56.6,53.6,48.9,64.1,49.1,60.9,58.7,57.9,59.8,69.1,53.9
choc,296,68.8,66.3,60.8,66.6,64,59.5,64.5,65.5,62.1,64.6,67.1,71.4,68.3,63.9
coldbc,297,52.6,54.6,52,61.1,54.3,53.7,50.7,60.7,64.2,54.6,51.1,52.5,61.9,54.3
hotbc,298,33.6,37.9,33.1,30.4,28.5,18.9,30.3,33.4,28.4,34.4,40.5,44.1,37.1,28.5
Q109_A,299,31.8,31.6,26.4,27.4,29.4,22.1,17.1,23.1,17.7,18.6,24.8,25.8,13.3,27.4
Q109_B,300,23.9,14.7,9.2,7.9,16.2,5.5,8,12.5,7.7,3.7,8.9,10.6,6.3,13.5
Q109_C,301,24.7,20.6,16.8,26.5,15,11.9,13.6,17,12.8,16.6,22.6,17,19.6,16.7
Q110_Q111_dv,302,56.6,45.5,50.1,54.4,53.5,57.1,52,48.4,53.8,49.8,65.7,63.5,82.5,53.6
babyfoods,303,0.0,0.0,0.0,0.0,0.0,0.0,0.0,0.0,0.0,0.0,0.0,0.0,0.0,0.0
fb1_anybabyformula,304,25.5,24.9,28.1,24.6,22.2,20.9,23.6,27.2,32.7,19,7,27.5,52.1,23.1
Q1,305,10.1,9.2,12.4,12,9.9,13.6,9.4,7.7,18.4,4.6,1.9,6.3,14.3,10.9
Q2,306,22,20.9,18,16.7,19.2,14.4,15.7,22.3,24.1,19,7,25.8,52.1,18.5
Q3,307,25.3,22.4,27.9,28.3,18.8,18.9,15.7,18.4,25.4,13.3,29.8,24.6,18.7,20.5
Q4,308,22,15.8,31.6,24,16.9,34.1,22.2,21.3,33.3,17.6,20.5,31.1,30.6,22.9
foodshoppingpractices,309,0.0,0.0,0.0,0.0,0.0,0.0,0.0,0.0,0.0,0.0,0.0,0.0,0.0,0.0
butcher,310,21.58441629480733,17.511004615395255,20.58616256732947,23.124487195046335,24.53520499787654,32.09468782281275,22.12370768706287,13.815595854087245,25.62005638226968,10.674236377738241,12.863333577699487,23.045185369187806,17.14306448465185,24.36662856575831
foodfarm,311,20.092000181355,17.87023048851968,20.297318580419148,15.373959254213792,16.43997876401799,18.86291439735375,18.79513795193066,24.326088479393416,17.25887426023761,15.666922485104608,17.150053741833403,9.550456535741702,2.090251095227035,17.980429856293963
producefarm,312,13.153704735849198,11.808035233546054,12.450942111369772,7.448692615113667,11.277922205095752,14.92162307798042,11.122695726932493,14.347072328192551,12.253013384215194,12.273861064696831,9.859321220702471,6.395851410264466,0.22335045250092156,12.420241589474964
eggfarm,313,12.13028005871991,9.05217730867506,11.484034305211486,10.43014157229681,8.684529165206627,9.045349163084241,11.932096632537176,16.602493007578754,11.157315321347848,9.717327907352512,11.403693839600408,7.532119951002712,0,9.726517718012357
meatfarm,314,6.7594167459056855,8.671203338835621,13.076542501135593,7.668392632784066,6.938790850079374,7.304953219140272,9.083135219617636,12.435737317641536,11.378433222600922,7.064706911734632,6.441971346231479,2.573486919204359,1.8602490319906284,7.618114717865218
dairyfarm,315,2.7133493247398848,3.009631435147725,4.153103876554915,1.7565991685826536,3.9985900807248926,4.750354837767737,4.163751234097693,4.749549547169731,2.6841790739820848,4.5779275703167315,1.4122414202420532,1.7355875389248914,0,3.8272828322602046
mealkit,316,4.278703460685864,4.542544344747431,3.556561580889775,2.682462271564124,3.6093641440445614,5.476529419755028,1.8384891814099487,3.8414380052186883,2.219935716105276,1.4797148461251088,0.35075021164211395,0,0.6882730880517105,4.1266286321653105
organic,318,85.16672149545454,76.39546559152059,74.5033482866844,74.0168532916306,74.29844482998067,77.65647245951193,70.30199559641036,76.13424057571268,68.1250973650931,73.80878936844972,89.76255359302752,85.27044362024343,87.1478495913092,76.78250358253658
kosher,319,2.3662276310480785,1.127966175070235,0.5669068573597326,0.9290088596340814,1.5984764633975652,1.0954944365865182,0.22880639235521152,2.428109816749838,1.7957238139089609,0.4766030581747018,2.4741280324451704,0.18866919170954832,0,1.5
vegan,320,6.035595934633735,5.234919982108657,3.7139135749724517,3.9289171435395605,4.948597813384947,3.9458447220582733,2.8597484157216995,6.259732516795778,1.5641278461748245,1.3938010783388073,4.464073192847174,2.6769881337624537,3.1602739072797323,4.7
vegetarian,321,0.30230280630091316,0.3867171485841159,0.18419113664249692,0.12327238507310442,0.4272610937362394,0.5961249343206324,0.2912101215266811,0,0.056368855102396975,0.055699139886772296,0,0,0,0.4
halal,322,1.0206501098557408,2.0446821036578315,0.3781029831047177,0.41908975756158734,2.941274267843933,2.0576745946526556,1.6056194734236335,1.1920468215004743,1.5102501546649232,0.42546571033807584,0.17401361741946075,0.18866919170954832,0,2.1
drankhomew,324,92.38536930001638,90.21017946592814,86.38575783636581,82.97522943904308,89.96107009205755,89.46343851880296,85.58699235034851,85.87496254306025,94.81257676827255,83.36841985079455,95.2321538639537,94.16880145412651,96.11155439440164,89.58285081594929
waterconsumed,325,0.0,0.0,0.0,0.0,0.0,0.0,0.0,0.0,0.0,0.0,0.0,0.0,0.0,0.0
cmunicipal,326,90.37654549501451,87.13911789439675,83.67242337339046,78.80712174043477,83.97398080046003,83.83816461043236,60.72695265390683,62.940866321383446,65.45297825285257,76.82912521955399,90.307883065711,92.94993963392591,89.27238802341347,83.8
cwell,327,6.765465028503108,6.104578231500448,8.90097892361011,12.987322405321923,12.758040642386659,13.11690638706148,43.25709115737216,35.37281714107283,48.09335342778523,12.047124478249597,14.350183670875683,0.18866919170954832,0.21964845397038335,12.5
ctruckedin,328,1.7432174348835834,2.3934637381842334,1.9353163763174253,3.727055601131388,1.2666231180813503,0.3225328095093034,0.7087078757390791,2.0632854156479907,0.07376797098496383,3.0963909730331842,9.33569509607675,7.926379063764001,26.228132395562465,1.4
cbottled,329,30.018366338271413,41.713278103256066,37.41468872797829,44.955736951435895,38.93571496397358,35.78676223493542,39.59388160823643,43.200053786267375,35.907006507519284,46.80924768943952,26.25417691047842,33.26875858997933,12.457051641950589,37.7
ccistern,330,1.191401383031851,1.9865699530874192,2.369871282740284,0.22940955401501884,0.7402946025962611,0.3288294050596228,0.08462712652049045,2.5343385389277104,0,0.5046944369437293,0.6404448978051821,0.37733838341909665,0,0.9
cnottreated,331,1.1900793002926562,0.6465551434626601,1.8323500637787018,1.9234439806559847,1.2773862212265439,1.3084196701094877,1.1663295779974963,0.7378933146396562,0.18199017470895779,5.214703825475482,2.6067753253816663,5.035498098167331,27.70194801010196,1.3
cotherw,332,5.425031761227998,6.0862677538061645,7.462077133987533,7.443142634930535,6.082502768462261,4.425386353557664,4.218546311087222,4.947024914965023,5.561117038539278,6.011275609903771,4.77114005736693,2.669923925976959,24.406246705340486,5.6
swaminwadeorenteredlakeriverpondorstream,333,8.561705627203887,5.09594397313696,7.38518649358247,6.147383464879661,6.394225184294146,5.706061445121615,3.5009307179948177,7.944313456305687,3.1364792251271423,5.931224150736574,12.254404109617848,9.974648884586,1.3370326602156175,6.36819287755758
Q118,334,3.2,1.2,1.4,2.4,2.7,1.6,6.2,4.4,1.1,11.6,4.3,10.6,29.6,2.6
Q119,335,18.6,12.8,9.9,10.8,13.3,11.3,12.9,10.7,11.4,9.1,21.4,12.5,1.1,13.1
naturalw,336,9.6,2.5,2.7,2.5,3.4,2.9,3.6,5.4,4.4,3.1,5.8,3.2,0.8,4
Q120_A,337,6.7,0.1,0,0,0.5,0.1,0.8,3.5,3.8,0.7,0.4,0,0,1.2
Q120_B,338,3.3,1.7,2.7,2.2,3,2.4,2.1,2,0.3,2.1,3.2,1.9,0.7,2.6
Q120_C,339,1,0.8,0,0.4,0.9,0.7,1.7,0.7,0.6,1.5,0.9,1.4,0.1,0.8
Q120_D,340,0.2,0.1,0,0,0.5,0.2,0,0,0,0.3,2.2,0,0,0.3
pool,341,13,10.1,5.5,8.3,9.3,9.4,9,7.3,7.5,6.6,15.1,9.9,0.6,9.7
hottub,342,5.7,6.5,3.7,4.2,3.3,1.3,2,1,1.8,1.1,12.2,6.3,0,3.4
waterpark,343,1.3,1.5,1.9,1.2,1.7,1.9,1.1,0.7,0.8,1.3,1.6,1.8,0,1.6
swim,344,25.5,23,18.5,17.3,20.3,13.4,15.3,19.1,15.1,18.6,28.9,22.2,3.9,19.3
animalcont,346,66.8,64.9,67.2,65.2,62.8,57.5,76.2,77.3,74.9,69.1,70.2,60.2,40.5,65.9
animalh,347,54.91791255041162,55.480469642411755,51.483112855985134,51.40258462238688,52.167131103672624,53.708949101559234,60.33172942442578,59.40466530066125,61.79402746967303,66.23254979048619,62.59797832611929,59.48089566569792,37.12083181557381,53.83962217377673
domanim,348,65.86490097623586,65.44936445910572,67.26922842144907,61.126086116250455,60.02851514185197,63.003500829907935,66.22698712259296,65.79280976418934,69.36916577806309,73.61572350539991,75.85012633692551,66.37296911311323,45.27637678186517,66.41849267799146
dog,350,54.167783750579076,54.124825302571786,54.89921970035974,50.134121126678444,48.14557713852945,42.75766373925919,55.215155473720614,50.076376743589734,51.69275241069644,55.96518253416697,68.20913963474467,56.83157876301513,44.33597743492753,49.04308674744181
cat,349,32.114601682472404,32.76757237230514,38.63658084496799,35.57868011622633,31.02469960305358,36.66061036392673,38.95270175665458,38.45578795976059,45.60698008396416,44.45067325733299,34.888830107812126,29.16519363126422,9.177204945247826,33.67238989538685
reptileoramphi,351,2.114451364806941,4.038831425255829,2.6457355093829147,1.7889590553766481,2.7002202760612897,1.758987592789142,2.840945060100857,2.0091687363068975,2.139177675461244,4.080070620399718,1.0183423047502254,1.2794610810591718,0,2.5182679600222277
rept,352,1.1,1.2,2.5,1.5,2.1,1.2,4.2,1.3,0.9,1,5.2,0.3,0.3,1.6
amphi,353,2.9,0.7,0.7,0.8,1,0.9,1.6,0.9,1,0.7,0.6,0,0.3,1.2
rodent,354,2.072522835139213,3.3405821983553374,4.271197844771423,1.8649446234589333,2.745957359037976,2.4622585472984357,2.870917309614677,2.2311885157644955,1.3707883677518333,1.2560807829896978,3.6585061665306307,0.7587913297787966,5.233512731268684,2.6368850110235047
rabbit,355,2.0324545801118523,1.925661087915078,1.8793281405746882,0.8588235697769498,2.269141183162801,3.3697472928251844,2.207267928050236,1.9017519247736265,0.29163341337685017,1.640956632576528,1.6868149365314142,0.8711519263530825,0.5432242884443073,2.3565517340230895
hedgehog,356,0.21578538218177973,0.25473258606271715,0.016922100647767224,0.10214709284417649,0.3640966475627976,0.02394890310985383,0,0,0,0.07211529046666863,0.17895124309782406,0,1.13050021944988,0.20968700600689166
bird,357,2.33059185623156,2.528608267984637,1.6893088568680232,1.4729507915030444,2.930400393178779,2.7404149189008664,1.5879755541915734,1.999016422039416,2.956969117138962,3.9799335266446008,1.7895992931857503,6.768561300608454,8.425929653109048,2.6385654919150765
aquari,358,3.7,4.2,3.7,7.1,5.8,2.9,5.2,4.1,5.7,3.9,5.7,4.8,1.9,4.5
petwaste,359,32.20241213280346,33.69862740492318,29.12147294568082,29.99765989956995,34.00325829659428,33.85305106071882,34.20914049840827,35.16127761387899,35.593315778222454,35.58577413819753,42.90037821442423,42.333226216300496,14.88511382306264,33.461068971448476
petdiarr,360,2.6616365289812496,3.048843650813529,3.1531575359764954,3.185738900684477,2.8429409579129135,1.2754404093096587,2.1726057410661426,3.042450663541311,6.01691884181362,4.120534061716426,4.737355715070468,12.282687654490024,1.01918948408903,2.536932889993353
petfood,361,48.775015040323524,50.04127053912655,46.88580199179555,47.019311313395995,48.3124658148253,45.73924090931715,58.16448911659753,56.01567837776255,53.66533255005462,64.52545911898916,59.49497694585939,58.072199399037586,40.120624516460495,48.57294434052506
animfddry,362,45.42497994206065,45.32541433093253,45.20860989187136,42.69686254900205,44.68968868423838,43.00537019357974,52.09321336424485,51.845898015324984,52.12701638307323,58.466486578301094,55.29622546272209,52.59427333112083,34.667585523009365,45.00663550109365
animfdcan,363,14,12.9,9.7,12.2,13.7,6.9,12.7,22.3,11.9,18.2,8.3,10.9,9.4,12.1
animfdraw,364,6.4558192505718,8.182675150056886,6.418539714121385,5.360160350137551,6.047667787084044,5.098611759132154,9.010797212107795,4.543543675125307,3.835219418929694,4.390895893437836,5.861758413387338,7.935320522299165,1.6027696104721851,6.102264968485659
animfdtreat,365,7.398544089745977,10.994678155985389,7.461553020337508,5.341113208410039,6.667042595305958,6.407289078838614,9.936249291653187,7.514186002501365,5.3030942556024,11.729789955768089,10.456227825016764,6.336955675960971,7.261990119035372,7.340122792050048
animfdpr,366,30.97340935894981,31.555523652265432,30.01229947501144,29.40050278706875,29.10818863823284,23.75635853353094,32.76315402535754,29.28875961856447,32.59486586496577,42.76850468452188,40.96980310209905,38.94315591691621,32.91519705712352,28.76719026267982
animfdrod,367,0.2419058763521434,0.523938646196899,1.2362555221572349,0.4431495570706285,0.4074003572046426,0.23177591701808228,0.487237276627282,0.23946817573076376,0.574358525543238,1.0900587348510813,0.35437838763405455,0.42060291894159507,0,0.3914481550113176
rodentsinsect,368,0.8,0.8,2,2.2,1.3,1.6,4,0.8,0.4,0.8,5,1.4,0.1,1.3
farman,369,6.914300345211596,6.908880380414262,13.184920035894674,8.470073346826972,6.3390604975803715,6.939385463209883,8.62381625581355,9.542998612658046,10.075530405701032,5.683855536636882,8.156262963736364,7.091543235251215,3.562675744344876,7.0498913324794215
cattle,370,1.4796314826742902,1.972028339695623,5.974978852013433,2.0835629742155772,1.9820507612194085,1.8808031869528337,1.9181675136415535,2.044317785323694,3.088472783820822,2.0475931860282817,0,3.698176430039323,0,2.0192463272674672
poultry,371,3.6958549944035295,2.4047807917434043,6.499625995304406,4.338012358587878,2.87031489770302,3.2775566039292894,3.2600562336428536,5.990929778990257,4.239344457444652,1.2702156248861705,4.027111855312075,2.720071409996704,3.562675744344876,3.264547528517143
pig,372,0.7144484180866084,0.8491408861701448,1.1400846767283737,0.3332041108424882,0.8984612573020747,0.7332777125041655,0.3609727152246504,0.1034709382776815,0.42885575444368734,0.056997056367391,0.742211791118165,0,0,0.7679404490370856
sheepgoat,373,1.6256726507259167,1.6145882336865531,1.4983252138623513,1.5605823077062744,1.4481152648121811,1.832814113849858,3.1079437204912996,2.1868673456310566,1.1380802502295653,1.965597218307542,1.9735186532547064,0.3780516504121739,0,1.6445597956513298
horsecontact,374,0.0,0.0,0.0,0.0,0.0,0.0,0.0,0.0,0.0,0.0,0.0,0.0,0.0,0.0
livefarm,375,8.046196604952982,8.948572335775848,13.962938392216644,13.946806321893252,10.083420149209926,7.61868219695321,13.678079287311661,15.268982521860778,18.780691457165158,6.0631183022888635,15.098807359124669,1.7028195225919491,0,9.548959377056628
visitfarm,376,5.843819571088365,5.672061049131744,12.122998702152692,7.138815375188823,5.486418379323228,3.7871212321961174,4.1869867331431765,2.9721428507253065,4.664608314890914,5.455633307120171,3.1337356527166333,4.263622232740401,0,5.317877085277437
pettingzoo,377,0.5,0.7,1,0.5,1.9,0.5,2.5,0.4,1.6,0,0,0,0,1.1
farmvisit,378,8,10,10.4,9.1,7.4,3.1,5.7,9,15,5.1,6.2,1.5,0,6.9
fairvisit,379,2,2.5,0.8,0.3,1.1,0.8,1.6,1.6,1.2,0.4,0.2,0.2,0,1.3
petstorevisit,380,6,5.3,5.4,2.8,4.7,3.6,2.8,3.1,2,2.7,3.9,2.8,0.1,4.5
0,381,0.0,0.0,0.0,0.0,0.0,0.0,0.0,0.0,0.0,0.0,0.0,0.0,0.0,0.0
